row_key,group_key,length_bucket_offline_only,fixed64_passed,combined_candidate_key,combined_passed,confidence_candidate_key,confidence_passed,prefix_only_candidate_key,prefix_only_passed,suffix_only_candidate_key,suffix_only_passed,token_canvas_candidate_key,token_canvas_passed
HumanEval-RandomSpanInfillingLight:0:e6406c38161ca2e1,de004141fa5f04d8,long,False,HumanEval-RandomSpanInfillingLight:0:e6406c38161ca2e1|deployable_grid|canvas=128|seed=0,True,HumanEval-RandomSpanInfillingLight:0:e6406c38161ca2e1|deployable_grid|canvas=16|seed=0,False,HumanEval-RandomSpanInfillingLight:0:e6406c38161ca2e1|deployable_grid|canvas=32|seed=0,False,HumanEval-RandomSpanInfillingLight:0:e6406c38161ca2e1|deployable_grid|canvas=16|seed=0,False,HumanEval-RandomSpanInfillingLight:0:e6406c38161ca2e1|deployable_grid|canvas=16|seed=0,False
HumanEval-RandomSpanInfillingLight:100:c227591dff456955,55c76a456c2cba4b,short,False,HumanEval-RandomSpanInfillingLight:100:c227591dff456955|deployable_grid|canvas=16|seed=0,False,HumanEval-RandomSpanInfillingLight:100:c227591dff456955|deployable_grid|canvas=16|seed=0,False,HumanEval-RandomSpanInfillingLight:100:c227591dff456955|deployable_grid|canvas=16|seed=0,False,HumanEval-RandomSpanInfillingLight:100:c227591dff456955|deployable_grid|canvas=16|seed=0,False,HumanEval-RandomSpanInfillingLight:100:c227591dff456955|deployable_grid|canvas=16|seed=0,False
HumanEval-RandomSpanInfillingLight:101:13fa16e6f794534c,722b8e4a38486637,extreme,False,HumanEval-RandomSpanInfillingLight:101:13fa16e6f794534c|deployable_grid|canvas=64|seed=0,False,HumanEval-RandomSpanInfillingLight:101:13fa16e6f794534c|deployable_grid|canvas=16|seed=0,False,HumanEval-RandomSpanInfillingLight:101:13fa16e6f794534c|deployable_grid|canvas=16|seed=0,False,HumanEval-RandomSpanInfillingLight:101:13fa16e6f794534c|deployable_grid|canvas=64|seed=0,False,HumanEval-RandomSpanInfillingLight:101:13fa16e6f794534c|deployable_grid|canvas=16|seed=0,False
HumanEval-RandomSpanInfillingLight:102:3099eac395ec191d,d97dcdfd8a0bff7f,extreme,False,HumanEval-RandomSpanInfillingLight:102:3099eac395ec191d|deployable_grid|canvas=128|seed=0,False,HumanEval-RandomSpanInfillingLight:102:3099eac395ec191d|deployable_grid|canvas=16|seed=0,False,HumanEval-RandomSpanInfillingLight:102:3099eac395ec191d|deployable_grid|canvas=16|seed=0,False,HumanEval-RandomSpanInfillingLight:102:3099eac395ec191d|deployable_grid|canvas=128|seed=0,False,HumanEval-RandomSpanInfillingLight:102:3099eac395ec191d|deployable_grid|canvas=16|seed=0,False
HumanEval-RandomSpanInfillingLight:103:5b2e1f462db027d0,9e2dd7404c2b39a9,medium,False,HumanEval-RandomSpanInfillingLight:103:5b2e1f462db027d0|deployable_grid|canvas=128|seed=0,False,HumanEval-RandomSpanInfillingLight:103:5b2e1f462db027d0|deployable_grid|canvas=32|seed=0,False,HumanEval-RandomSpanInfillingLight:103:5b2e1f462db027d0|deployable_grid|canvas=16|seed=0,False,HumanEval-RandomSpanInfillingLight:103:5b2e1f462db027d0|deployable_grid|canvas=128|seed=0,False,HumanEval-RandomSpanInfillingLight:103:5b2e1f462db027d0|deployable_grid|canvas=16|seed=0,False
HumanEval-RandomSpanInfillingLight:104:af1bf2bce61d5220,397d5b2bac2ae318,extreme,False,HumanEval-RandomSpanInfillingLight:104:af1bf2bce61d5220|deployable_grid|canvas=32|seed=0,False,HumanEval-RandomSpanInfillingLight:104:af1bf2bce61d5220|deployable_grid|canvas=16|seed=0,False,HumanEval-RandomSpanInfillingLight:104:af1bf2bce61d5220|deployable_grid|canvas=16|seed=0,False,HumanEval-RandomSpanInfillingLight:104:af1bf2bce61d5220|deployable_grid|canvas=16|seed=0,False,HumanEval-RandomSpanInfillingLight:104:af1bf2bce61d5220|deployable_grid|canvas=16|seed=0,False
HumanEval-RandomSpanInfillingLight:105:fa758bbf5d8c15c9,53206c6f845a627d,extreme,True,HumanEval-RandomSpanInfillingLight:105:fa758bbf5d8c15c9|deployable_grid|canvas=128|seed=0,False,HumanEval-RandomSpanInfillingLight:105:fa758bbf5d8c15c9|deployable_grid|canvas=16|seed=0,False,HumanEval-RandomSpanInfillingLight:105:fa758bbf5d8c15c9|deployable_grid|canvas=128|seed=0,False,HumanEval-RandomSpanInfillingLight:105:fa758bbf5d8c15c9|deployable_grid|canvas=16|seed=0,False,HumanEval-RandomSpanInfillingLight:105:fa758bbf5d8c15c9|deployable_grid|canvas=16|seed=0,False
HumanEval-RandomSpanInfillingLight:106:b51a2cdff945eab5,7b2ff5ea9ad039ab,extreme,True,HumanEval-RandomSpanInfillingLight:106:b51a2cdff945eab5|deployable_grid|canvas=64|seed=0,True,HumanEval-RandomSpanInfillingLight:106:b51a2cdff945eab5|deployable_grid|canvas=16|seed=0,False,HumanEval-RandomSpanInfillingLight:106:b51a2cdff945eab5|deployable_grid|canvas=64|seed=0,True,HumanEval-RandomSpanInfillingLight:106:b51a2cdff945eab5|deployable_grid|canvas=64|seed=0,True,HumanEval-RandomSpanInfillingLight:106:b51a2cdff945eab5|deployable_grid|canvas=16|seed=0,False
HumanEval-RandomSpanInfillingLight:107:0e97ae6697ff5e3b,29891416012beeb6,extreme,False,HumanEval-RandomSpanInfillingLight:107:0e97ae6697ff5e3b|deployable_grid|canvas=128|seed=0,True,HumanEval-RandomSpanInfillingLight:107:0e97ae6697ff5e3b|deployable_grid|canvas=64|seed=0,False,HumanEval-RandomSpanInfillingLight:107:0e97ae6697ff5e3b|deployable_grid|canvas=128|seed=0,True,HumanEval-RandomSpanInfillingLight:107:0e97ae6697ff5e3b|deployable_grid|canvas=16|seed=0,False,HumanEval-RandomSpanInfillingLight:107:0e97ae6697ff5e3b|deployable_grid|canvas=16|seed=0,False
HumanEval-RandomSpanInfillingLight:108:4f11cd9cc099930e,1b5f9dbe9a1eedfb,extreme,False,HumanEval-RandomSpanInfillingLight:108:4f11cd9cc099930e|deployable_grid|canvas=64|seed=0,False,HumanEval-RandomSpanInfillingLight:108:4f11cd9cc099930e|deployable_grid|canvas=128|seed=0,False,HumanEval-RandomSpanInfillingLight:108:4f11cd9cc099930e|deployable_grid|canvas=16|seed=0,False,HumanEval-RandomSpanInfillingLight:108:4f11cd9cc099930e|deployable_grid|canvas=16|seed=0,False,HumanEval-RandomSpanInfillingLight:108:4f11cd9cc099930e|deployable_grid|canvas=16|seed=0,False
HumanEval-RandomSpanInfillingLight:109:a20e909443740a0e,372fcc217ece0990,medium,False,HumanEval-RandomSpanInfillingLight:109:a20e909443740a0e|deployable_grid|canvas=64|seed=0,False,HumanEval-RandomSpanInfillingLight:109:a20e909443740a0e|deployable_grid|canvas=16|seed=0,True,HumanEval-RandomSpanInfillingLight:109:a20e909443740a0e|deployable_grid|canvas=64|seed=0,False,HumanEval-RandomSpanInfillingLight:109:a20e909443740a0e|deployable_grid|canvas=32|seed=0,False,HumanEval-RandomSpanInfillingLight:109:a20e909443740a0e|deployable_grid|canvas=16|seed=0,True
HumanEval-RandomSpanInfillingLight:10:4c20421111c310c3,cd407095a184e5d2,medium,False,HumanEval-RandomSpanInfillingLight:10:4c20421111c310c3|deployable_grid|canvas=16|seed=0,False,HumanEval-RandomSpanInfillingLight:10:4c20421111c310c3|deployable_grid|canvas=16|seed=0,False,HumanEval-RandomSpanInfillingLight:10:4c20421111c310c3|deployable_grid|canvas=16|seed=0,False,HumanEval-RandomSpanInfillingLight:10:4c20421111c310c3|deployable_grid|canvas=16|seed=0,False,HumanEval-RandomSpanInfillingLight:10:4c20421111c310c3|deployable_grid|canvas=16|seed=0,False
HumanEval-RandomSpanInfillingLight:110:1b6a34ddf2943a60,110b6809e29d9a72,extreme,False,HumanEval-RandomSpanInfillingLight:110:1b6a34ddf2943a60|deployable_grid|canvas=64|seed=0,False,HumanEval-RandomSpanInfillingLight:110:1b6a34ddf2943a60|deployable_grid|canvas=16|seed=0,False,HumanEval-RandomSpanInfillingLight:110:1b6a34ddf2943a60|deployable_grid|canvas=64|seed=0,False,HumanEval-RandomSpanInfillingLight:110:1b6a34ddf2943a60|deployable_grid|canvas=16|seed=0,False,HumanEval-RandomSpanInfillingLight:110:1b6a34ddf2943a60|deployable_grid|canvas=16|seed=0,False
HumanEval-RandomSpanInfillingLight:111:c731465109498af8,498c2f78fe8e48a3,extreme,False,HumanEval-RandomSpanInfillingLight:111:c731465109498af8|deployable_grid|canvas=128|seed=0,True,HumanEval-RandomSpanInfillingLight:111:c731465109498af8|deployable_grid|canvas=32|seed=0,True,HumanEval-RandomSpanInfillingLight:111:c731465109498af8|deployable_grid|canvas=128|seed=0,True,HumanEval-RandomSpanInfillingLight:111:c731465109498af8|deployable_grid|canvas=64|seed=0,False,HumanEval-RandomSpanInfillingLight:111:c731465109498af8|deployable_grid|canvas=16|seed=0,False
HumanEval-RandomSpanInfillingLight:112:25dc70986274025a,ffd26aeb156f2a3b,medium,False,HumanEval-RandomSpanInfillingLight:112:25dc70986274025a|deployable_grid|canvas=32|seed=0,False,HumanEval-RandomSpanInfillingLight:112:25dc70986274025a|deployable_grid|canvas=16|seed=0,True,HumanEval-RandomSpanInfillingLight:112:25dc70986274025a|deployable_grid|canvas=16|seed=0,True,HumanEval-RandomSpanInfillingLight:112:25dc70986274025a|deployable_grid|canvas=16|seed=0,True,HumanEval-RandomSpanInfillingLight:112:25dc70986274025a|deployable_grid|canvas=16|seed=0,True
HumanEval-RandomSpanInfillingLight:113:7faa31d7e1100488,5560bcc37877d0b0,extreme,False,HumanEval-RandomSpanInfillingLight:113:7faa31d7e1100488|deployable_grid|canvas=128|seed=0,False,HumanEval-RandomSpanInfillingLight:113:7faa31d7e1100488|deployable_grid|canvas=16|seed=0,False,HumanEval-RandomSpanInfillingLight:113:7faa31d7e1100488|deployable_grid|canvas=128|seed=0,False,HumanEval-RandomSpanInfillingLight:113:7faa31d7e1100488|deployable_grid|canvas=16|seed=0,False,HumanEval-RandomSpanInfillingLight:113:7faa31d7e1100488|deployable_grid|canvas=16|seed=0,False
HumanEval-RandomSpanInfillingLight:114:113e1a65bc0fea3c,1fdd7472c517392d,extreme,False,HumanEval-RandomSpanInfillingLight:114:113e1a65bc0fea3c|deployable_grid|canvas=128|seed=0,False,HumanEval-RandomSpanInfillingLight:114:113e1a65bc0fea3c|deployable_grid|canvas=16|seed=0,False,HumanEval-RandomSpanInfillingLight:114:113e1a65bc0fea3c|deployable_grid|canvas=32|seed=0,False,HumanEval-RandomSpanInfillingLight:114:113e1a65bc0fea3c|deployable_grid|canvas=128|seed=0,False,HumanEval-RandomSpanInfillingLight:114:113e1a65bc0fea3c|deployable_grid|canvas=16|seed=0,False
HumanEval-RandomSpanInfillingLight:115:ebffad7ad5519b19,27d1b075a5407692,short,False,HumanEval-RandomSpanInfillingLight:115:ebffad7ad5519b19|deployable_grid|canvas=32|seed=0,False,HumanEval-RandomSpanInfillingLight:115:ebffad7ad5519b19|deployable_grid|canvas=32|seed=0,False,HumanEval-RandomSpanInfillingLight:115:ebffad7ad5519b19|deployable_grid|canvas=32|seed=0,False,HumanEval-RandomSpanInfillingLight:115:ebffad7ad5519b19|deployable_grid|canvas=16|seed=0,False,HumanEval-RandomSpanInfillingLight:115:ebffad7ad5519b19|deployable_grid|canvas=16|seed=0,False
HumanEval-RandomSpanInfillingLight:116:549984365fe39dca,c6da1df361b13255,medium,False,HumanEval-RandomSpanInfillingLight:116:549984365fe39dca|deployable_grid|canvas=32|seed=0,False,HumanEval-RandomSpanInfillingLight:116:549984365fe39dca|deployable_grid|canvas=16|seed=0,False,HumanEval-RandomSpanInfillingLight:116:549984365fe39dca|deployable_grid|canvas=32|seed=0,False,HumanEval-RandomSpanInfillingLight:116:549984365fe39dca|deployable_grid|canvas=16|seed=0,False,HumanEval-RandomSpanInfillingLight:116:549984365fe39dca|deployable_grid|canvas=16|seed=0,False
HumanEval-RandomSpanInfillingLight:117:4e45a41d2a1958a7,9a4c7a6d652a7214,medium,False,HumanEval-RandomSpanInfillingLight:117:4e45a41d2a1958a7|deployable_grid|canvas=64|seed=0,False,HumanEval-RandomSpanInfillingLight:117:4e45a41d2a1958a7|deployable_grid|canvas=64|seed=0,False,HumanEval-RandomSpanInfillingLight:117:4e45a41d2a1958a7|deployable_grid|canvas=32|seed=0,False,HumanEval-RandomSpanInfillingLight:117:4e45a41d2a1958a7|deployable_grid|canvas=16|seed=0,False,HumanEval-RandomSpanInfillingLight:117:4e45a41d2a1958a7|deployable_grid|canvas=16|seed=0,False
HumanEval-RandomSpanInfillingLight:118:9d636a503bd08833,6d96ad87517efe73,extreme,False,HumanEval-RandomSpanInfillingLight:118:9d636a503bd08833|deployable_grid|canvas=32|seed=0,True,HumanEval-RandomSpanInfillingLight:118:9d636a503bd08833|deployable_grid|canvas=32|seed=0,True,HumanEval-RandomSpanInfillingLight:118:9d636a503bd08833|deployable_grid|canvas=16|seed=0,False,HumanEval-RandomSpanInfillingLight:118:9d636a503bd08833|deployable_grid|canvas=16|seed=0,False,HumanEval-RandomSpanInfillingLight:118:9d636a503bd08833|deployable_grid|canvas=16|seed=0,False
HumanEval-RandomSpanInfillingLight:119:e254a4ef7cb13529,ccafb42731063c9b,extreme,False,HumanEval-RandomSpanInfillingLight:119:e254a4ef7cb13529|deployable_grid|canvas=64|seed=0,False,HumanEval-RandomSpanInfillingLight:119:e254a4ef7cb13529|deployable_grid|canvas=64|seed=0,False,HumanEval-RandomSpanInfillingLight:119:e254a4ef7cb13529|deployable_grid|canvas=16|seed=0,False,HumanEval-RandomSpanInfillingLight:119:e254a4ef7cb13529|deployable_grid|canvas=16|seed=0,False,HumanEval-RandomSpanInfillingLight:119:e254a4ef7cb13529|deployable_grid|canvas=16|seed=0,False
HumanEval-RandomSpanInfillingLight:11:baa808455794c500,ba2f4acae5a9d57f,extreme,False,HumanEval-RandomSpanInfillingLight:11:baa808455794c500|deployable_grid|canvas=16|seed=0,False,HumanEval-RandomSpanInfillingLight:11:baa808455794c500|deployable_grid|canvas=16|seed=0,False,HumanEval-RandomSpanInfillingLight:11:baa808455794c500|deployable_grid|canvas=16|seed=0,False,HumanEval-RandomSpanInfillingLight:11:baa808455794c500|deployable_grid|canvas=16|seed=0,False,HumanEval-RandomSpanInfillingLight:11:baa808455794c500|deployable_grid|canvas=16|seed=0,False
HumanEval-RandomSpanInfillingLight:120:ff8db58097a877e2,fed9d994180f6745,medium,False,HumanEval-RandomSpanInfillingLight:120:ff8db58097a877e2|deployable_grid|canvas=32|seed=0,True,HumanEval-RandomSpanInfillingLight:120:ff8db58097a877e2|deployable_grid|canvas=16|seed=0,False,HumanEval-RandomSpanInfillingLight:120:ff8db58097a877e2|deployable_grid|canvas=16|seed=0,False,HumanEval-RandomSpanInfillingLight:120:ff8db58097a877e2|deployable_grid|canvas=16|seed=0,False,HumanEval-RandomSpanInfillingLight:120:ff8db58097a877e2|deployable_grid|canvas=16|seed=0,False
HumanEval-RandomSpanInfillingLight:121:6fb9017c7b7944eb,726f50cc4fdb822b,medium,False,HumanEval-RandomSpanInfillingLight:121:6fb9017c7b7944eb|deployable_grid|canvas=32|seed=0,True,HumanEval-RandomSpanInfillingLight:121:6fb9017c7b7944eb|deployable_grid|canvas=16|seed=0,True,HumanEval-RandomSpanInfillingLight:121:6fb9017c7b7944eb|deployable_grid|canvas=128|seed=0,False,HumanEval-RandomSpanInfillingLight:121:6fb9017c7b7944eb|deployable_grid|canvas=32|seed=0,True,HumanEval-RandomSpanInfillingLight:121:6fb9017c7b7944eb|deployable_grid|canvas=16|seed=0,True
HumanEval-RandomSpanInfillingLight:122:29ba988b0bfa555b,6de91396b01c338a,medium,False,HumanEval-RandomSpanInfillingLight:122:29ba988b0bfa555b|deployable_grid|canvas=16|seed=0,False,HumanEval-RandomSpanInfillingLight:122:29ba988b0bfa555b|deployable_grid|canvas=16|seed=0,False,HumanEval-RandomSpanInfillingLight:122:29ba988b0bfa555b|deployable_grid|canvas=16|seed=0,False,HumanEval-RandomSpanInfillingLight:122:29ba988b0bfa555b|deployable_grid|canvas=16|seed=0,False,HumanEval-RandomSpanInfillingLight:122:29ba988b0bfa555b|deployable_grid|canvas=16|seed=0,False
HumanEval-RandomSpanInfillingLight:123:5ab5620004d96029,3b4397d72ef93578,extreme,True,HumanEval-RandomSpanInfillingLight:123:5ab5620004d96029|deployable_grid|canvas=128|seed=0,True,HumanEval-RandomSpanInfillingLight:123:5ab5620004d96029|deployable_grid|canvas=16|seed=0,False,HumanEval-RandomSpanInfillingLight:123:5ab5620004d96029|deployable_grid|canvas=128|seed=0,True,HumanEval-RandomSpanInfillingLight:123:5ab5620004d96029|deployable_grid|canvas=16|seed=0,False,HumanEval-RandomSpanInfillingLight:123:5ab5620004d96029|deployable_grid|canvas=16|seed=0,False
HumanEval-RandomSpanInfillingLight:124:7a7c08d85cf8ef28,48ed431061421012,extreme,True,HumanEval-RandomSpanInfillingLight:124:7a7c08d85cf8ef28|deployable_grid|canvas=128|seed=0,True,HumanEval-RandomSpanInfillingLight:124:7a7c08d85cf8ef28|deployable_grid|canvas=16|seed=0,False,HumanEval-RandomSpanInfillingLight:124:7a7c08d85cf8ef28|deployable_grid|canvas=128|seed=0,True,HumanEval-RandomSpanInfillingLight:124:7a7c08d85cf8ef28|deployable_grid|canvas=16|seed=0,False,HumanEval-RandomSpanInfillingLight:124:7a7c08d85cf8ef28|deployable_grid|canvas=16|seed=0,False
HumanEval-RandomSpanInfillingLight:125:68086079e4ab8468,4db76e9fada9f054,medium,False,HumanEval-RandomSpanInfillingLight:125:68086079e4ab8468|deployable_grid|canvas=16|seed=0,False,HumanEval-RandomSpanInfillingLight:125:68086079e4ab8468|deployable_grid|canvas=16|seed=0,False,HumanEval-RandomSpanInfillingLight:125:68086079e4ab8468|deployable_grid|canvas=16|seed=0,False,HumanEval-RandomSpanInfillingLight:125:68086079e4ab8468|deployable_grid|canvas=16|seed=0,False,HumanEval-RandomSpanInfillingLight:125:68086079e4ab8468|deployable_grid|canvas=16|seed=0,False
HumanEval-RandomSpanInfillingLight:126:ecffdbe90f80ea3f,974b0e3a2c11f7d0,extreme,False,HumanEval-RandomSpanInfillingLight:126:ecffdbe90f80ea3f|deployable_grid|canvas=16|seed=0,False,HumanEval-RandomSpanInfillingLight:126:ecffdbe90f80ea3f|deployable_grid|canvas=32|seed=0,False,HumanEval-RandomSpanInfillingLight:126:ecffdbe90f80ea3f|deployable_grid|canvas=16|seed=0,False,HumanEval-RandomSpanInfillingLight:126:ecffdbe90f80ea3f|deployable_grid|canvas=16|seed=0,False,HumanEval-RandomSpanInfillingLight:126:ecffdbe90f80ea3f|deployable_grid|canvas=16|seed=0,False
HumanEval-RandomSpanInfillingLight:127:aa31b68a7d3dcc11,a7ad8896edac370a,extreme,False,HumanEval-RandomSpanInfillingLight:127:aa31b68a7d3dcc11|deployable_grid|canvas=32|seed=0,False,HumanEval-RandomSpanInfillingLight:127:aa31b68a7d3dcc11|deployable_grid|canvas=16|seed=0,False,HumanEval-RandomSpanInfillingLight:127:aa31b68a7d3dcc11|deployable_grid|canvas=32|seed=0,False,HumanEval-RandomSpanInfillingLight:127:aa31b68a7d3dcc11|deployable_grid|canvas=16|seed=0,False,HumanEval-RandomSpanInfillingLight:127:aa31b68a7d3dcc11|deployable_grid|canvas=16|seed=0,False
HumanEval-RandomSpanInfillingLight:128:add2f2ae6f1451b4,1d30e4b18ff7fddc,extreme,True,HumanEval-RandomSpanInfillingLight:128:add2f2ae6f1451b4|deployable_grid|canvas=128|seed=0,True,HumanEval-RandomSpanInfillingLight:128:add2f2ae6f1451b4|deployable_grid|canvas=16|seed=0,False,HumanEval-RandomSpanInfillingLight:128:add2f2ae6f1451b4|deployable_grid|canvas=128|seed=0,True,HumanEval-RandomSpanInfillingLight:128:add2f2ae6f1451b4|deployable_grid|canvas=16|seed=0,False,HumanEval-RandomSpanInfillingLight:128:add2f2ae6f1451b4|deployable_grid|canvas=16|seed=0,False
HumanEval-RandomSpanInfillingLight:129:a697f50a6ce1b52b,aab01b4987ecde40,extreme,False,HumanEval-RandomSpanInfillingLight:129:a697f50a6ce1b52b|deployable_grid|canvas=64|seed=0,False,HumanEval-RandomSpanInfillingLight:129:a697f50a6ce1b52b|deployable_grid|canvas=16|seed=0,False,HumanEval-RandomSpanInfillingLight:129:a697f50a6ce1b52b|deployable_grid|canvas=64|seed=0,False,HumanEval-RandomSpanInfillingLight:129:a697f50a6ce1b52b|deployable_grid|canvas=64|seed=0,False,HumanEval-RandomSpanInfillingLight:129:a697f50a6ce1b52b|deployable_grid|canvas=16|seed=0,False
HumanEval-RandomSpanInfillingLight:12:f2aa2ebb7823f0fe,d98e9fb34bc25697,medium,False,HumanEval-RandomSpanInfillingLight:12:f2aa2ebb7823f0fe|deployable_grid|canvas=16|seed=0,True,HumanEval-RandomSpanInfillingLight:12:f2aa2ebb7823f0fe|deployable_grid|canvas=16|seed=0,True,HumanEval-RandomSpanInfillingLight:12:f2aa2ebb7823f0fe|deployable_grid|canvas=16|seed=0,True,HumanEval-RandomSpanInfillingLight:12:f2aa2ebb7823f0fe|deployable_grid|canvas=16|seed=0,True,HumanEval-RandomSpanInfillingLight:12:f2aa2ebb7823f0fe|deployable_grid|canvas=16|seed=0,True
HumanEval-RandomSpanInfillingLight:130:371ca144af5a3b0b,d8049f9b4a4429ac,extreme,False,HumanEval-RandomSpanInfillingLight:130:371ca144af5a3b0b|deployable_grid|canvas=64|seed=0,False,HumanEval-RandomSpanInfillingLight:130:371ca144af5a3b0b|deployable_grid|canvas=64|seed=0,False,HumanEval-RandomSpanInfillingLight:130:371ca144af5a3b0b|deployable_grid|canvas=64|seed=0,False,HumanEval-RandomSpanInfillingLight:130:371ca144af5a3b0b|deployable_grid|canvas=64|seed=0,False,HumanEval-RandomSpanInfillingLight:130:371ca144af5a3b0b|deployable_grid|canvas=16|seed=0,False
HumanEval-RandomSpanInfillingLight:131:271c81b1e35e20a6,9402e0557b48eb32,extreme,False,HumanEval-RandomSpanInfillingLight:131:271c81b1e35e20a6|deployable_grid|canvas=128|seed=0,False,HumanEval-RandomSpanInfillingLight:131:271c81b1e35e20a6|deployable_grid|canvas=128|seed=0,False,HumanEval-RandomSpanInfillingLight:131:271c81b1e35e20a6|deployable_grid|canvas=128|seed=0,False,HumanEval-RandomSpanInfillingLight:131:271c81b1e35e20a6|deployable_grid|canvas=16|seed=0,False,HumanEval-RandomSpanInfillingLight:131:271c81b1e35e20a6|deployable_grid|canvas=16|seed=0,False
HumanEval-RandomSpanInfillingLight:132:41673e28194f812d,5692b41634fd58f9,extreme,False,HumanEval-RandomSpanInfillingLight:132:41673e28194f812d|deployable_grid|canvas=64|seed=0,False,HumanEval-RandomSpanInfillingLight:132:41673e28194f812d|deployable_grid|canvas=16|seed=0,False,HumanEval-RandomSpanInfillingLight:132:41673e28194f812d|deployable_grid|canvas=64|seed=0,False,HumanEval-RandomSpanInfillingLight:132:41673e28194f812d|deployable_grid|canvas=16|seed=0,False,HumanEval-RandomSpanInfillingLight:132:41673e28194f812d|deployable_grid|canvas=16|seed=0,False
HumanEval-RandomSpanInfillingLight:133:496ffd15fdecb329,7d01223b15baa2f1,medium,True,HumanEval-RandomSpanInfillingLight:133:496ffd15fdecb329|deployable_grid|canvas=64|seed=0,True,HumanEval-RandomSpanInfillingLight:133:496ffd15fdecb329|deployable_grid|canvas=16|seed=0,True,HumanEval-RandomSpanInfillingLight:133:496ffd15fdecb329|deployable_grid|canvas=64|seed=0,True,HumanEval-RandomSpanInfillingLight:133:496ffd15fdecb329|deployable_grid|canvas=16|seed=0,True,HumanEval-RandomSpanInfillingLight:133:496ffd15fdecb329|deployable_grid|canvas=16|seed=0,True
HumanEval-RandomSpanInfillingLight:134:ec0256dadf244506,c42f51995f91c193,medium,True,HumanEval-RandomSpanInfillingLight:134:ec0256dadf244506|deployable_grid|canvas=16|seed=0,True,HumanEval-RandomSpanInfillingLight:134:ec0256dadf244506|deployable_grid|canvas=16|seed=0,True,HumanEval-RandomSpanInfillingLight:134:ec0256dadf244506|deployable_grid|canvas=64|seed=0,True,HumanEval-RandomSpanInfillingLight:134:ec0256dadf244506|deployable_grid|canvas=16|seed=0,True,HumanEval-RandomSpanInfillingLight:134:ec0256dadf244506|deployable_grid|canvas=16|seed=0,True
HumanEval-RandomSpanInfillingLight:136:0417cc08e922a8e3,3637b53812b3e5cf,extreme,False,HumanEval-RandomSpanInfillingLight:136:0417cc08e922a8e3|deployable_grid|canvas=32|seed=0,False,HumanEval-RandomSpanInfillingLight:136:0417cc08e922a8e3|deployable_grid|canvas=32|seed=0,False,HumanEval-RandomSpanInfillingLight:136:0417cc08e922a8e3|deployable_grid|canvas=16|seed=0,False,HumanEval-RandomSpanInfillingLight:136:0417cc08e922a8e3|deployable_grid|canvas=16|seed=0,False,HumanEval-RandomSpanInfillingLight:136:0417cc08e922a8e3|deployable_grid|canvas=16|seed=0,False
HumanEval-RandomSpanInfillingLight:137:1e745603e508af0a,678e9d27b1dff6f5,medium,False,HumanEval-RandomSpanInfillingLight:137:1e745603e508af0a|deployable_grid|canvas=128|seed=0,False,HumanEval-RandomSpanInfillingLight:137:1e745603e508af0a|deployable_grid|canvas=16|seed=0,True,HumanEval-RandomSpanInfillingLight:137:1e745603e508af0a|deployable_grid|canvas=128|seed=0,False,HumanEval-RandomSpanInfillingLight:137:1e745603e508af0a|deployable_grid|canvas=32|seed=0,False,HumanEval-RandomSpanInfillingLight:137:1e745603e508af0a|deployable_grid|canvas=16|seed=0,True
HumanEval-RandomSpanInfillingLight:138:a9985a6c90b86fc5,6b23e606859f363a,short,False,HumanEval-RandomSpanInfillingLight:138:a9985a6c90b86fc5|deployable_grid|canvas=32|seed=0,False,HumanEval-RandomSpanInfillingLight:138:a9985a6c90b86fc5|deployable_grid|canvas=128|seed=0,True,HumanEval-RandomSpanInfillingLight:138:a9985a6c90b86fc5|deployable_grid|canvas=32|seed=0,False,HumanEval-RandomSpanInfillingLight:138:a9985a6c90b86fc5|deployable_grid|canvas=16|seed=0,False,HumanEval-RandomSpanInfillingLight:138:a9985a6c90b86fc5|deployable_grid|canvas=16|seed=0,False
HumanEval-RandomSpanInfillingLight:139:128fc53e7611a26a,5e63c7500073ec52,extreme,False,HumanEval-RandomSpanInfillingLight:139:128fc53e7611a26a|deployable_grid|canvas=64|seed=0,False,HumanEval-RandomSpanInfillingLight:139:128fc53e7611a26a|deployable_grid|canvas=16|seed=0,False,HumanEval-RandomSpanInfillingLight:139:128fc53e7611a26a|deployable_grid|canvas=16|seed=0,False,HumanEval-RandomSpanInfillingLight:139:128fc53e7611a26a|deployable_grid|canvas=32|seed=0,False,HumanEval-RandomSpanInfillingLight:139:128fc53e7611a26a|deployable_grid|canvas=16|seed=0,False
HumanEval-RandomSpanInfillingLight:13:4c9d3db0afe5e5b1,f22f28074db0ec8a,long,False,HumanEval-RandomSpanInfillingLight:13:4c9d3db0afe5e5b1|deployable_grid|canvas=32|seed=0,False,HumanEval-RandomSpanInfillingLight:13:4c9d3db0afe5e5b1|deployable_grid|canvas=16|seed=0,True,HumanEval-RandomSpanInfillingLight:13:4c9d3db0afe5e5b1|deployable_grid|canvas=16|seed=0,True,HumanEval-RandomSpanInfillingLight:13:4c9d3db0afe5e5b1|deployable_grid|canvas=16|seed=0,True,HumanEval-RandomSpanInfillingLight:13:4c9d3db0afe5e5b1|deployable_grid|canvas=16|seed=0,True
HumanEval-RandomSpanInfillingLight:140:266fa0792231a9b7,746851772fe7b228,extreme,False,HumanEval-RandomSpanInfillingLight:140:266fa0792231a9b7|deployable_grid|canvas=128|seed=0,False,HumanEval-RandomSpanInfillingLight:140:266fa0792231a9b7|deployable_grid|canvas=32|seed=0,False,HumanEval-RandomSpanInfillingLight:140:266fa0792231a9b7|deployable_grid|canvas=64|seed=0,False,HumanEval-RandomSpanInfillingLight:140:266fa0792231a9b7|deployable_grid|canvas=16|seed=0,False,HumanEval-RandomSpanInfillingLight:140:266fa0792231a9b7|deployable_grid|canvas=16|seed=0,False
HumanEval-RandomSpanInfillingLight:141:cd1793f5b2b02246,960a4cb872c861d4,extreme,True,HumanEval-RandomSpanInfillingLight:141:cd1793f5b2b02246|deployable_grid|canvas=32|seed=0,False,HumanEval-RandomSpanInfillingLight:141:cd1793f5b2b02246|deployable_grid|canvas=16|seed=0,False,HumanEval-RandomSpanInfillingLight:141:cd1793f5b2b02246|deployable_grid|canvas=32|seed=0,False,HumanEval-RandomSpanInfillingLight:141:cd1793f5b2b02246|deployable_grid|canvas=16|seed=0,False,HumanEval-RandomSpanInfillingLight:141:cd1793f5b2b02246|deployable_grid|canvas=16|seed=0,False
HumanEval-RandomSpanInfillingLight:142:17ab20ba3def4d2f,724ab4a7930dfae3,extreme,True,HumanEval-RandomSpanInfillingLight:142:17ab20ba3def4d2f|deployable_grid|canvas=32|seed=0,True,HumanEval-RandomSpanInfillingLight:142:17ab20ba3def4d2f|deployable_grid|canvas=16|seed=0,False,HumanEval-RandomSpanInfillingLight:142:17ab20ba3def4d2f|deployable_grid|canvas=16|seed=0,False,HumanEval-RandomSpanInfillingLight:142:17ab20ba3def4d2f|deployable_grid|canvas=16|seed=0,False,HumanEval-RandomSpanInfillingLight:142:17ab20ba3def4d2f|deployable_grid|canvas=16|seed=0,False
HumanEval-RandomSpanInfillingLight:144:89406614f0f7a51e,e186ae92a13659e0,extreme,False,HumanEval-RandomSpanInfillingLight:144:89406614f0f7a51e|deployable_grid|canvas=128|seed=0,True,HumanEval-RandomSpanInfillingLight:144:89406614f0f7a51e|deployable_grid|canvas=64|seed=0,False,HumanEval-RandomSpanInfillingLight:144:89406614f0f7a51e|deployable_grid|canvas=128|seed=0,True,HumanEval-RandomSpanInfillingLight:144:89406614f0f7a51e|deployable_grid|canvas=32|seed=0,True,HumanEval-RandomSpanInfillingLight:144:89406614f0f7a51e|deployable_grid|canvas=16|seed=0,False
HumanEval-RandomSpanInfillingLight:145:2bfeba715780abb9,003ad17d44ee74e1,extreme,False,HumanEval-RandomSpanInfillingLight:145:2bfeba715780abb9|deployable_grid|canvas=64|seed=0,False,HumanEval-RandomSpanInfillingLight:145:2bfeba715780abb9|deployable_grid|canvas=128|seed=0,False,HumanEval-RandomSpanInfillingLight:145:2bfeba715780abb9|deployable_grid|canvas=16|seed=0,False,HumanEval-RandomSpanInfillingLight:145:2bfeba715780abb9|deployable_grid|canvas=16|seed=0,False,HumanEval-RandomSpanInfillingLight:145:2bfeba715780abb9|deployable_grid|canvas=16|seed=0,False
HumanEval-RandomSpanInfillingLight:146:79bb8acf49eed1aa,c819a7643b8e1984,long,False,HumanEval-RandomSpanInfillingLight:146:79bb8acf49eed1aa|deployable_grid|canvas=128|seed=0,False,HumanEval-RandomSpanInfillingLight:146:79bb8acf49eed1aa|deployable_grid|canvas=16|seed=0,False,HumanEval-RandomSpanInfillingLight:146:79bb8acf49eed1aa|deployable_grid|canvas=128|seed=0,False,HumanEval-RandomSpanInfillingLight:146:79bb8acf49eed1aa|deployable_grid|canvas=16|seed=0,False,HumanEval-RandomSpanInfillingLight:146:79bb8acf49eed1aa|deployable_grid|canvas=16|seed=0,False
HumanEval-RandomSpanInfillingLight:147:94e62c0c801ab8d4,54841ae27a67a85d,extreme,False,HumanEval-RandomSpanInfillingLight:147:94e62c0c801ab8d4|deployable_grid|canvas=64|seed=0,False,HumanEval-RandomSpanInfillingLight:147:94e62c0c801ab8d4|deployable_grid|canvas=32|seed=0,False,HumanEval-RandomSpanInfillingLight:147:94e62c0c801ab8d4|deployable_grid|canvas=32|seed=0,False,HumanEval-RandomSpanInfillingLight:147:94e62c0c801ab8d4|deployable_grid|canvas=64|seed=0,False,HumanEval-RandomSpanInfillingLight:147:94e62c0c801ab8d4|deployable_grid|canvas=16|seed=0,False
HumanEval-RandomSpanInfillingLight:148:38cd7b90e9046591,36a4d5329d5fb735,extreme,False,HumanEval-RandomSpanInfillingLight:148:38cd7b90e9046591|deployable_grid|canvas=128|seed=0,False,HumanEval-RandomSpanInfillingLight:148:38cd7b90e9046591|deployable_grid|canvas=16|seed=0,False,HumanEval-RandomSpanInfillingLight:148:38cd7b90e9046591|deployable_grid|canvas=32|seed=0,False,HumanEval-RandomSpanInfillingLight:148:38cd7b90e9046591|deployable_grid|canvas=64|seed=0,False,HumanEval-RandomSpanInfillingLight:148:38cd7b90e9046591|deployable_grid|canvas=16|seed=0,False
HumanEval-RandomSpanInfillingLight:14:8100a1983da68053,963267bc4e5e2c82,long,False,HumanEval-RandomSpanInfillingLight:14:8100a1983da68053|deployable_grid|canvas=128|seed=0,False,HumanEval-RandomSpanInfillingLight:14:8100a1983da68053|deployable_grid|canvas=16|seed=0,False,HumanEval-RandomSpanInfillingLight:14:8100a1983da68053|deployable_grid|canvas=16|seed=0,False,HumanEval-RandomSpanInfillingLight:14:8100a1983da68053|deployable_grid|canvas=16|seed=0,False,HumanEval-RandomSpanInfillingLight:14:8100a1983da68053|deployable_grid|canvas=16|seed=0,False
HumanEval-RandomSpanInfillingLight:150:3d1ca374d4fb88cf,81ae98b7ccb20c9f,extreme,False,HumanEval-RandomSpanInfillingLight:150:3d1ca374d4fb88cf|deployable_grid|canvas=64|seed=0,False,HumanEval-RandomSpanInfillingLight:150:3d1ca374d4fb88cf|deployable_grid|canvas=64|seed=0,False,HumanEval-RandomSpanInfillingLight:150:3d1ca374d4fb88cf|deployable_grid|canvas=128|seed=0,False,HumanEval-RandomSpanInfillingLight:150:3d1ca374d4fb88cf|deployable_grid|canvas=16|seed=0,False,HumanEval-RandomSpanInfillingLight:150:3d1ca374d4fb88cf|deployable_grid|canvas=16|seed=0,False
HumanEval-RandomSpanInfillingLight:151:4c790326085f95cb,0fd29f10f86a3200,long,False,HumanEval-RandomSpanInfillingLight:151:4c790326085f95cb|deployable_grid|canvas=16|seed=0,False,HumanEval-RandomSpanInfillingLight:151:4c790326085f95cb|deployable_grid|canvas=16|seed=0,False,HumanEval-RandomSpanInfillingLight:151:4c790326085f95cb|deployable_grid|canvas=16|seed=0,False,HumanEval-RandomSpanInfillingLight:151:4c790326085f95cb|deployable_grid|canvas=16|seed=0,False,HumanEval-RandomSpanInfillingLight:151:4c790326085f95cb|deployable_grid|canvas=16|seed=0,False
HumanEval-RandomSpanInfillingLight:152:fc8d9677f7d12a4b,d47469b0dd905e9b,medium,False,HumanEval-RandomSpanInfillingLight:152:fc8d9677f7d12a4b|deployable_grid|canvas=32|seed=0,True,HumanEval-RandomSpanInfillingLight:152:fc8d9677f7d12a4b|deployable_grid|canvas=16|seed=0,False,HumanEval-RandomSpanInfillingLight:152:fc8d9677f7d12a4b|deployable_grid|canvas=32|seed=0,True,HumanEval-RandomSpanInfillingLight:152:fc8d9677f7d12a4b|deployable_grid|canvas=32|seed=0,True,HumanEval-RandomSpanInfillingLight:152:fc8d9677f7d12a4b|deployable_grid|canvas=16|seed=0,False
HumanEval-RandomSpanInfillingLight:154:fbd8c83b865f5c99,921a47ced9a9fdbd,medium,True,HumanEval-RandomSpanInfillingLight:154:fbd8c83b865f5c99|deployable_grid|canvas=128|seed=0,False,HumanEval-RandomSpanInfillingLight:154:fbd8c83b865f5c99|deployable_grid|canvas=32|seed=0,True,HumanEval-RandomSpanInfillingLight:154:fbd8c83b865f5c99|deployable_grid|canvas=16|seed=0,False,HumanEval-RandomSpanInfillingLight:154:fbd8c83b865f5c99|deployable_grid|canvas=128|seed=0,False,HumanEval-RandomSpanInfillingLight:154:fbd8c83b865f5c99|deployable_grid|canvas=16|seed=0,False
HumanEval-RandomSpanInfillingLight:155:7f713619cf05768a,2d74a37df1f346e1,extreme,False,HumanEval-RandomSpanInfillingLight:155:7f713619cf05768a|deployable_grid|canvas=32|seed=0,False,HumanEval-RandomSpanInfillingLight:155:7f713619cf05768a|deployable_grid|canvas=16|seed=0,False,HumanEval-RandomSpanInfillingLight:155:7f713619cf05768a|deployable_grid|canvas=64|seed=0,False,HumanEval-RandomSpanInfillingLight:155:7f713619cf05768a|deployable_grid|canvas=16|seed=0,False,HumanEval-RandomSpanInfillingLight:155:7f713619cf05768a|deployable_grid|canvas=16|seed=0,False
HumanEval-RandomSpanInfillingLight:156:eb9a684bf2cf78b3,ea9e6a5c5012cd9e,extreme,True,HumanEval-RandomSpanInfillingLight:156:eb9a684bf2cf78b3|deployable_grid|canvas=64|seed=0,True,HumanEval-RandomSpanInfillingLight:156:eb9a684bf2cf78b3|deployable_grid|canvas=16|seed=0,False,HumanEval-RandomSpanInfillingLight:156:eb9a684bf2cf78b3|deployable_grid|canvas=32|seed=0,False,HumanEval-RandomSpanInfillingLight:156:eb9a684bf2cf78b3|deployable_grid|canvas=16|seed=0,False,HumanEval-RandomSpanInfillingLight:156:eb9a684bf2cf78b3|deployable_grid|canvas=16|seed=0,False
HumanEval-RandomSpanInfillingLight:157:9ddf293ad8b2ffbf,59eb8cd69a9aef06,long,False,HumanEval-RandomSpanInfillingLight:157:9ddf293ad8b2ffbf|deployable_grid|canvas=16|seed=0,False,HumanEval-RandomSpanInfillingLight:157:9ddf293ad8b2ffbf|deployable_grid|canvas=32|seed=0,False,HumanEval-RandomSpanInfillingLight:157:9ddf293ad8b2ffbf|deployable_grid|canvas=16|seed=0,False,HumanEval-RandomSpanInfillingLight:157:9ddf293ad8b2ffbf|deployable_grid|canvas=16|seed=0,False,HumanEval-RandomSpanInfillingLight:157:9ddf293ad8b2ffbf|deployable_grid|canvas=16|seed=0,False
HumanEval-RandomSpanInfillingLight:158:eff979880b7e39e6,cfdf1eba8143f654,medium,False,HumanEval-RandomSpanInfillingLight:158:eff979880b7e39e6|deployable_grid|canvas=64|seed=0,False,HumanEval-RandomSpanInfillingLight:158:eff979880b7e39e6|deployable_grid|canvas=32|seed=0,False,HumanEval-RandomSpanInfillingLight:158:eff979880b7e39e6|deployable_grid|canvas=64|seed=0,False,HumanEval-RandomSpanInfillingLight:158:eff979880b7e39e6|deployable_grid|canvas=64|seed=0,False,HumanEval-RandomSpanInfillingLight:158:eff979880b7e39e6|deployable_grid|canvas=16|seed=0,False
HumanEval-RandomSpanInfillingLight:159:e32a2b1ce4dba730,bc42b1812387aa01,medium,False,HumanEval-RandomSpanInfillingLight:159:e32a2b1ce4dba730|deployable_grid|canvas=128|seed=0,True,HumanEval-RandomSpanInfillingLight:159:e32a2b1ce4dba730|deployable_grid|canvas=128|seed=0,True,HumanEval-RandomSpanInfillingLight:159:e32a2b1ce4dba730|deployable_grid|canvas=16|seed=0,True,HumanEval-RandomSpanInfillingLight:159:e32a2b1ce4dba730|deployable_grid|canvas=16|seed=0,True,HumanEval-RandomSpanInfillingLight:159:e32a2b1ce4dba730|deployable_grid|canvas=16|seed=0,True
HumanEval-RandomSpanInfillingLight:15:333b588dd410244c,97680794067f1f3a,medium,False,HumanEval-RandomSpanInfillingLight:15:333b588dd410244c|deployable_grid|canvas=32|seed=0,True,HumanEval-RandomSpanInfillingLight:15:333b588dd410244c|deployable_grid|canvas=16|seed=0,False,HumanEval-RandomSpanInfillingLight:15:333b588dd410244c|deployable_grid|canvas=32|seed=0,True,HumanEval-RandomSpanInfillingLight:15:333b588dd410244c|deployable_grid|canvas=32|seed=0,True,HumanEval-RandomSpanInfillingLight:15:333b588dd410244c|deployable_grid|canvas=16|seed=0,False
HumanEval-RandomSpanInfillingLight:160:f4deb8f47e8b82d7,8cf7feb86cfbede7,extreme,False,HumanEval-RandomSpanInfillingLight:160:f4deb8f47e8b82d7|deployable_grid|canvas=64|seed=0,False,HumanEval-RandomSpanInfillingLight:160:f4deb8f47e8b82d7|deployable_grid|canvas=32|seed=0,True,HumanEval-RandomSpanInfillingLight:160:f4deb8f47e8b82d7|deployable_grid|canvas=64|seed=0,False,HumanEval-RandomSpanInfillingLight:160:f4deb8f47e8b82d7|deployable_grid|canvas=16|seed=0,False,HumanEval-RandomSpanInfillingLight:160:f4deb8f47e8b82d7|deployable_grid|canvas=16|seed=0,False
HumanEval-RandomSpanInfillingLight:161:b072db3d69599d1e,b60f289834af331f,extreme,False,HumanEval-RandomSpanInfillingLight:161:b072db3d69599d1e|deployable_grid|canvas=16|seed=0,False,HumanEval-RandomSpanInfillingLight:161:b072db3d69599d1e|deployable_grid|canvas=16|seed=0,False,HumanEval-RandomSpanInfillingLight:161:b072db3d69599d1e|deployable_grid|canvas=32|seed=0,False,HumanEval-RandomSpanInfillingLight:161:b072db3d69599d1e|deployable_grid|canvas=16|seed=0,False,HumanEval-RandomSpanInfillingLight:161:b072db3d69599d1e|deployable_grid|canvas=16|seed=0,False
HumanEval-RandomSpanInfillingLight:162:5793424e619c87c6,b4dcd49627319c1b,medium,True,HumanEval-RandomSpanInfillingLight:162:5793424e619c87c6|deployable_grid|canvas=16|seed=0,True,HumanEval-RandomSpanInfillingLight:162:5793424e619c87c6|deployable_grid|canvas=16|seed=0,True,HumanEval-RandomSpanInfillingLight:162:5793424e619c87c6|deployable_grid|canvas=16|seed=0,True,HumanEval-RandomSpanInfillingLight:162:5793424e619c87c6|deployable_grid|canvas=16|seed=0,True,HumanEval-RandomSpanInfillingLight:162:5793424e619c87c6|deployable_grid|canvas=16|seed=0,True
HumanEval-RandomSpanInfillingLight:163:691a401caf1677a9,ee978da21b525eac,long,False,HumanEval-RandomSpanInfillingLight:163:691a401caf1677a9|deployable_grid|canvas=16|seed=0,True,HumanEval-RandomSpanInfillingLight:163:691a401caf1677a9|deployable_grid|canvas=16|seed=0,True,HumanEval-RandomSpanInfillingLight:163:691a401caf1677a9|deployable_grid|canvas=16|seed=0,True,HumanEval-RandomSpanInfillingLight:163:691a401caf1677a9|deployable_grid|canvas=32|seed=0,False,HumanEval-RandomSpanInfillingLight:163:691a401caf1677a9|deployable_grid|canvas=16|seed=0,True
HumanEval-RandomSpanInfillingLight:16:128c8aed57ff58a8,6a29427f6e6a1323,short,False,HumanEval-RandomSpanInfillingLight:16:128c8aed57ff58a8|deployable_grid|canvas=16|seed=0,False,HumanEval-RandomSpanInfillingLight:16:128c8aed57ff58a8|deployable_grid|canvas=16|seed=0,False,HumanEval-RandomSpanInfillingLight:16:128c8aed57ff58a8|deployable_grid|canvas=16|seed=0,False,HumanEval-RandomSpanInfillingLight:16:128c8aed57ff58a8|deployable_grid|canvas=16|seed=0,False,HumanEval-RandomSpanInfillingLight:16:128c8aed57ff58a8|deployable_grid|canvas=16|seed=0,False
HumanEval-RandomSpanInfillingLight:17:9b02770240a54b27,2bcdef9bb0b65744,long,True,HumanEval-RandomSpanInfillingLight:17:9b02770240a54b27|deployable_grid|canvas=32|seed=0,True,HumanEval-RandomSpanInfillingLight:17:9b02770240a54b27|deployable_grid|canvas=32|seed=0,True,HumanEval-RandomSpanInfillingLight:17:9b02770240a54b27|deployable_grid|canvas=16|seed=0,False,HumanEval-RandomSpanInfillingLight:17:9b02770240a54b27|deployable_grid|canvas=16|seed=0,False,HumanEval-RandomSpanInfillingLight:17:9b02770240a54b27|deployable_grid|canvas=16|seed=0,False
HumanEval-RandomSpanInfillingLight:18:acbd91212ee7b05d,f1820e35c0145254,extreme,True,HumanEval-RandomSpanInfillingLight:18:acbd91212ee7b05d|deployable_grid|canvas=128|seed=0,True,HumanEval-RandomSpanInfillingLight:18:acbd91212ee7b05d|deployable_grid|canvas=32|seed=0,False,HumanEval-RandomSpanInfillingLight:18:acbd91212ee7b05d|deployable_grid|canvas=16|seed=0,False,HumanEval-RandomSpanInfillingLight:18:acbd91212ee7b05d|deployable_grid|canvas=16|seed=0,False,HumanEval-RandomSpanInfillingLight:18:acbd91212ee7b05d|deployable_grid|canvas=16|seed=0,False
HumanEval-RandomSpanInfillingLight:19:c83d0aaf6ba63d05,7b5e464ce3780827,medium,False,HumanEval-RandomSpanInfillingLight:19:c83d0aaf6ba63d05|deployable_grid|canvas=16|seed=0,False,HumanEval-RandomSpanInfillingLight:19:c83d0aaf6ba63d05|deployable_grid|canvas=16|seed=0,False,HumanEval-RandomSpanInfillingLight:19:c83d0aaf6ba63d05|deployable_grid|canvas=16|seed=0,False,HumanEval-RandomSpanInfillingLight:19:c83d0aaf6ba63d05|deployable_grid|canvas=16|seed=0,False,HumanEval-RandomSpanInfillingLight:19:c83d0aaf6ba63d05|deployable_grid|canvas=16|seed=0,False
HumanEval-RandomSpanInfillingLight:1:dac9278b36595a63,2b625257b3a2242c,extreme,False,HumanEval-RandomSpanInfillingLight:1:dac9278b36595a63|deployable_grid|canvas=128|seed=0,False,HumanEval-RandomSpanInfillingLight:1:dac9278b36595a63|deployable_grid|canvas=16|seed=0,False,HumanEval-RandomSpanInfillingLight:1:dac9278b36595a63|deployable_grid|canvas=32|seed=0,False,HumanEval-RandomSpanInfillingLight:1:dac9278b36595a63|deployable_grid|canvas=64|seed=0,False,HumanEval-RandomSpanInfillingLight:1:dac9278b36595a63|deployable_grid|canvas=16|seed=0,False
HumanEval-RandomSpanInfillingLight:20:e55eaad75c7c6016,59e2617f1272aa7d,extreme,False,HumanEval-RandomSpanInfillingLight:20:e55eaad75c7c6016|deployable_grid|canvas=64|seed=0,False,HumanEval-RandomSpanInfillingLight:20:e55eaad75c7c6016|deployable_grid|canvas=16|seed=0,False,HumanEval-RandomSpanInfillingLight:20:e55eaad75c7c6016|deployable_grid|canvas=64|seed=0,False,HumanEval-RandomSpanInfillingLight:20:e55eaad75c7c6016|deployable_grid|canvas=16|seed=0,False,HumanEval-RandomSpanInfillingLight:20:e55eaad75c7c6016|deployable_grid|canvas=16|seed=0,False
HumanEval-RandomSpanInfillingLight:21:79f1bea1039577ae,9677d6b644e8876f,medium,False,HumanEval-RandomSpanInfillingLight:21:79f1bea1039577ae|deployable_grid|canvas=64|seed=0,False,HumanEval-RandomSpanInfillingLight:21:79f1bea1039577ae|deployable_grid|canvas=16|seed=0,True,HumanEval-RandomSpanInfillingLight:21:79f1bea1039577ae|deployable_grid|canvas=64|seed=0,False,HumanEval-RandomSpanInfillingLight:21:79f1bea1039577ae|deployable_grid|canvas=64|seed=0,False,HumanEval-RandomSpanInfillingLight:21:79f1bea1039577ae|deployable_grid|canvas=16|seed=0,True
HumanEval-RandomSpanInfillingLight:22:107431e58ce52b8c,cc301d73c6c42631,medium,False,HumanEval-RandomSpanInfillingLight:22:107431e58ce52b8c|deployable_grid|canvas=16|seed=0,False,HumanEval-RandomSpanInfillingLight:22:107431e58ce52b8c|deployable_grid|canvas=16|seed=0,False,HumanEval-RandomSpanInfillingLight:22:107431e58ce52b8c|deployable_grid|canvas=16|seed=0,False,HumanEval-RandomSpanInfillingLight:22:107431e58ce52b8c|deployable_grid|canvas=16|seed=0,False,HumanEval-RandomSpanInfillingLight:22:107431e58ce52b8c|deployable_grid|canvas=16|seed=0,False
HumanEval-RandomSpanInfillingLight:23:b02128d298fb5248,4719e7e500d2aa9f,short,False,HumanEval-RandomSpanInfillingLight:23:b02128d298fb5248|deployable_grid|canvas=128|seed=0,False,HumanEval-RandomSpanInfillingLight:23:b02128d298fb5248|deployable_grid|canvas=16|seed=0,False,HumanEval-RandomSpanInfillingLight:23:b02128d298fb5248|deployable_grid|canvas=128|seed=0,False,HumanEval-RandomSpanInfillingLight:23:b02128d298fb5248|deployable_grid|canvas=16|seed=0,False,HumanEval-RandomSpanInfillingLight:23:b02128d298fb5248|deployable_grid|canvas=16|seed=0,False
HumanEval-RandomSpanInfillingLight:24:eec0316eef796e2d,5759fc1500037510,long,False,HumanEval-RandomSpanInfillingLight:24:eec0316eef796e2d|deployable_grid|canvas=32|seed=0,False,HumanEval-RandomSpanInfillingLight:24:eec0316eef796e2d|deployable_grid|canvas=32|seed=0,False,HumanEval-RandomSpanInfillingLight:24:eec0316eef796e2d|deployable_grid|canvas=32|seed=0,False,HumanEval-RandomSpanInfillingLight:24:eec0316eef796e2d|deployable_grid|canvas=32|seed=0,False,HumanEval-RandomSpanInfillingLight:24:eec0316eef796e2d|deployable_grid|canvas=16|seed=0,False
HumanEval-RandomSpanInfillingLight:25:e808d52ec513ac70,2531b6d85aef08ef,medium,False,HumanEval-RandomSpanInfillingLight:25:e808d52ec513ac70|deployable_grid|canvas=32|seed=0,False,HumanEval-RandomSpanInfillingLight:25:e808d52ec513ac70|deployable_grid|canvas=64|seed=0,False,HumanEval-RandomSpanInfillingLight:25:e808d52ec513ac70|deployable_grid|canvas=64|seed=0,False,HumanEval-RandomSpanInfillingLight:25:e808d52ec513ac70|deployable_grid|canvas=32|seed=0,False,HumanEval-RandomSpanInfillingLight:25:e808d52ec513ac70|deployable_grid|canvas=16|seed=0,True
HumanEval-RandomSpanInfillingLight:26:5f0d662baecb0df6,c62081b0f433c374,medium,False,HumanEval-RandomSpanInfillingLight:26:5f0d662baecb0df6|deployable_grid|canvas=16|seed=0,True,HumanEval-RandomSpanInfillingLight:26:5f0d662baecb0df6|deployable_grid|canvas=16|seed=0,True,HumanEval-RandomSpanInfillingLight:26:5f0d662baecb0df6|deployable_grid|canvas=16|seed=0,True,HumanEval-RandomSpanInfillingLight:26:5f0d662baecb0df6|deployable_grid|canvas=16|seed=0,True,HumanEval-RandomSpanInfillingLight:26:5f0d662baecb0df6|deployable_grid|canvas=16|seed=0,True
HumanEval-RandomSpanInfillingLight:28:ce11553f60e78cef,5a8cd521042adfd0,short,True,HumanEval-RandomSpanInfillingLight:28:ce11553f60e78cef|deployable_grid|canvas=16|seed=0,True,HumanEval-RandomSpanInfillingLight:28:ce11553f60e78cef|deployable_grid|canvas=16|seed=0,True,HumanEval-RandomSpanInfillingLight:28:ce11553f60e78cef|deployable_grid|canvas=16|seed=0,True,HumanEval-RandomSpanInfillingLight:28:ce11553f60e78cef|deployable_grid|canvas=16|seed=0,True,HumanEval-RandomSpanInfillingLight:28:ce11553f60e78cef|deployable_grid|canvas=16|seed=0,True
HumanEval-RandomSpanInfillingLight:29:bf9cd5a4f37c83e4,b477117fee212338,short,False,HumanEval-RandomSpanInfillingLight:29:bf9cd5a4f37c83e4|deployable_grid|canvas=16|seed=0,True,HumanEval-RandomSpanInfillingLight:29:bf9cd5a4f37c83e4|deployable_grid|canvas=32|seed=0,True,HumanEval-RandomSpanInfillingLight:29:bf9cd5a4f37c83e4|deployable_grid|canvas=32|seed=0,True,HumanEval-RandomSpanInfillingLight:29:bf9cd5a4f37c83e4|deployable_grid|canvas=16|seed=0,True,HumanEval-RandomSpanInfillingLight:29:bf9cd5a4f37c83e4|deployable_grid|canvas=16|seed=0,True
HumanEval-RandomSpanInfillingLight:2:96e7bc5401429951,3273f6bf8feb0b83,short,False,HumanEval-RandomSpanInfillingLight:2:96e7bc5401429951|deployable_grid|canvas=16|seed=0,False,HumanEval-RandomSpanInfillingLight:2:96e7bc5401429951|deployable_grid|canvas=16|seed=0,False,HumanEval-RandomSpanInfillingLight:2:96e7bc5401429951|deployable_grid|canvas=16|seed=0,False,HumanEval-RandomSpanInfillingLight:2:96e7bc5401429951|deployable_grid|canvas=16|seed=0,False,HumanEval-RandomSpanInfillingLight:2:96e7bc5401429951|deployable_grid|canvas=16|seed=0,False
HumanEval-RandomSpanInfillingLight:30:ff301e40890f0612,70c26eeaed728566,medium,False,HumanEval-RandomSpanInfillingLight:30:ff301e40890f0612|deployable_grid|canvas=16|seed=0,False,HumanEval-RandomSpanInfillingLight:30:ff301e40890f0612|deployable_grid|canvas=16|seed=0,False,HumanEval-RandomSpanInfillingLight:30:ff301e40890f0612|deployable_grid|canvas=128|seed=0,True,HumanEval-RandomSpanInfillingLight:30:ff301e40890f0612|deployable_grid|canvas=16|seed=0,False,HumanEval-RandomSpanInfillingLight:30:ff301e40890f0612|deployable_grid|canvas=16|seed=0,False
HumanEval-RandomSpanInfillingLight:32:b8b59e4778abe4f8,6324b7c6ab799ff5,medium,False,HumanEval-RandomSpanInfillingLight:32:b8b59e4778abe4f8|deployable_grid|canvas=128|seed=0,False,HumanEval-RandomSpanInfillingLight:32:b8b59e4778abe4f8|deployable_grid|canvas=32|seed=0,False,HumanEval-RandomSpanInfillingLight:32:b8b59e4778abe4f8|deployable_grid|canvas=64|seed=0,False,HumanEval-RandomSpanInfillingLight:32:b8b59e4778abe4f8|deployable_grid|canvas=16|seed=0,False,HumanEval-RandomSpanInfillingLight:32:b8b59e4778abe4f8|deployable_grid|canvas=16|seed=0,False
HumanEval-RandomSpanInfillingLight:33:3f0ae31a58f595be,237b0ff87e37617d,medium,False,HumanEval-RandomSpanInfillingLight:33:3f0ae31a58f595be|deployable_grid|canvas=64|seed=0,False,HumanEval-RandomSpanInfillingLight:33:3f0ae31a58f595be|deployable_grid|canvas=16|seed=0,False,HumanEval-RandomSpanInfillingLight:33:3f0ae31a58f595be|deployable_grid|canvas=16|seed=0,False,HumanEval-RandomSpanInfillingLight:33:3f0ae31a58f595be|deployable_grid|canvas=16|seed=0,False,HumanEval-RandomSpanInfillingLight:33:3f0ae31a58f595be|deployable_grid|canvas=16|seed=0,False
HumanEval-RandomSpanInfillingLight:34:b31bdd701884d237,19fa3e9692bea7d4,short,True,HumanEval-RandomSpanInfillingLight:34:b31bdd701884d237|deployable_grid|canvas=16|seed=0,True,HumanEval-RandomSpanInfillingLight:34:b31bdd701884d237|deployable_grid|canvas=64|seed=0,True,HumanEval-RandomSpanInfillingLight:34:b31bdd701884d237|deployable_grid|canvas=16|seed=0,True,HumanEval-RandomSpanInfillingLight:34:b31bdd701884d237|deployable_grid|canvas=16|seed=0,True,HumanEval-RandomSpanInfillingLight:34:b31bdd701884d237|deployable_grid|canvas=16|seed=0,True
HumanEval-RandomSpanInfillingLight:36:aadde7be8b1fc38a,70c0a34969431813,long,False,HumanEval-RandomSpanInfillingLight:36:aadde7be8b1fc38a|deployable_grid|canvas=128|seed=0,True,HumanEval-RandomSpanInfillingLight:36:aadde7be8b1fc38a|deployable_grid|canvas=16|seed=0,True,HumanEval-RandomSpanInfillingLight:36:aadde7be8b1fc38a|deployable_grid|canvas=64|seed=0,False,HumanEval-RandomSpanInfillingLight:36:aadde7be8b1fc38a|deployable_grid|canvas=16|seed=0,True,HumanEval-RandomSpanInfillingLight:36:aadde7be8b1fc38a|deployable_grid|canvas=16|seed=0,True
HumanEval-RandomSpanInfillingLight:37:c528fd524a76dec1,4d58b82570cbbb2c,extreme,False,HumanEval-RandomSpanInfillingLight:37:c528fd524a76dec1|deployable_grid|canvas=16|seed=0,False,HumanEval-RandomSpanInfillingLight:37:c528fd524a76dec1|deployable_grid|canvas=16|seed=0,False,HumanEval-RandomSpanInfillingLight:37:c528fd524a76dec1|deployable_grid|canvas=16|seed=0,False,HumanEval-RandomSpanInfillingLight:37:c528fd524a76dec1|deployable_grid|canvas=16|seed=0,False,HumanEval-RandomSpanInfillingLight:37:c528fd524a76dec1|deployable_grid|canvas=16|seed=0,False
HumanEval-RandomSpanInfillingLight:38:1704cf9b3cfbaeff,ac049a10d4c69a6a,short,False,HumanEval-RandomSpanInfillingLight:38:1704cf9b3cfbaeff|deployable_grid|canvas=16|seed=0,False,HumanEval-RandomSpanInfillingLight:38:1704cf9b3cfbaeff|deployable_grid|canvas=128|seed=0,False,HumanEval-RandomSpanInfillingLight:38:1704cf9b3cfbaeff|deployable_grid|canvas=128|seed=0,False,HumanEval-RandomSpanInfillingLight:38:1704cf9b3cfbaeff|deployable_grid|canvas=16|seed=0,False,HumanEval-RandomSpanInfillingLight:38:1704cf9b3cfbaeff|deployable_grid|canvas=16|seed=0,False
HumanEval-RandomSpanInfillingLight:39:d0f9d661741d1562,1b36ebe37146e876,extreme,False,HumanEval-RandomSpanInfillingLight:39:d0f9d661741d1562|deployable_grid|canvas=64|seed=0,False,HumanEval-RandomSpanInfillingLight:39:d0f9d661741d1562|deployable_grid|canvas=16|seed=0,False,HumanEval-RandomSpanInfillingLight:39:d0f9d661741d1562|deployable_grid|canvas=64|seed=0,False,HumanEval-RandomSpanInfillingLight:39:d0f9d661741d1562|deployable_grid|canvas=16|seed=0,False,HumanEval-RandomSpanInfillingLight:39:d0f9d661741d1562|deployable_grid|canvas=16|seed=0,False
HumanEval-RandomSpanInfillingLight:3:5bf62e23f96adddc,a62f14a8ccb0cf88,long,False,HumanEval-RandomSpanInfillingLight:3:5bf62e23f96adddc|deployable_grid|canvas=128|seed=0,False,HumanEval-RandomSpanInfillingLight:3:5bf62e23f96adddc|deployable_grid|canvas=32|seed=0,False,HumanEval-RandomSpanInfillingLight:3:5bf62e23f96adddc|deployable_grid|canvas=128|seed=0,False,HumanEval-RandomSpanInfillingLight:3:5bf62e23f96adddc|deployable_grid|canvas=16|seed=0,False,HumanEval-RandomSpanInfillingLight:3:5bf62e23f96adddc|deployable_grid|canvas=16|seed=0,False
HumanEval-RandomSpanInfillingLight:40:889964ab8a3c74c1,cd672a055a9ca75d,extreme,False,HumanEval-RandomSpanInfillingLight:40:889964ab8a3c74c1|deployable_grid|canvas=64|seed=0,False,HumanEval-RandomSpanInfillingLight:40:889964ab8a3c74c1|deployable_grid|canvas=16|seed=0,False,HumanEval-RandomSpanInfillingLight:40:889964ab8a3c74c1|deployable_grid|canvas=32|seed=0,False,HumanEval-RandomSpanInfillingLight:40:889964ab8a3c74c1|deployable_grid|canvas=128|seed=0,True,HumanEval-RandomSpanInfillingLight:40:889964ab8a3c74c1|deployable_grid|canvas=16|seed=0,False
HumanEval-RandomSpanInfillingLight:41:96d1a1255c742fc1,b3e360ed26a9f21a,short,False,HumanEval-RandomSpanInfillingLight:41:96d1a1255c742fc1|deployable_grid|canvas=32|seed=0,False,HumanEval-RandomSpanInfillingLight:41:96d1a1255c742fc1|deployable_grid|canvas=32|seed=0,False,HumanEval-RandomSpanInfillingLight:41:96d1a1255c742fc1|deployable_grid|canvas=16|seed=0,False,HumanEval-RandomSpanInfillingLight:41:96d1a1255c742fc1|deployable_grid|canvas=16|seed=0,False,HumanEval-RandomSpanInfillingLight:41:96d1a1255c742fc1|deployable_grid|canvas=16|seed=0,False
HumanEval-RandomSpanInfillingLight:42:e7b2b8a4c7493431,971332783cb9d80f,short,False,HumanEval-RandomSpanInfillingLight:42:e7b2b8a4c7493431|deployable_grid|canvas=16|seed=0,True,HumanEval-RandomSpanInfillingLight:42:e7b2b8a4c7493431|deployable_grid|canvas=16|seed=0,True,HumanEval-RandomSpanInfillingLight:42:e7b2b8a4c7493431|deployable_grid|canvas=16|seed=0,True,HumanEval-RandomSpanInfillingLight:42:e7b2b8a4c7493431|deployable_grid|canvas=16|seed=0,True,HumanEval-RandomSpanInfillingLight:42:e7b2b8a4c7493431|deployable_grid|canvas=16|seed=0,True
HumanEval-RandomSpanInfillingLight:43:b95b89416c2f581f,c751c38b6a16f598,extreme,True,HumanEval-RandomSpanInfillingLight:43:b95b89416c2f581f|deployable_grid|canvas=128|seed=0,True,HumanEval-RandomSpanInfillingLight:43:b95b89416c2f581f|deployable_grid|canvas=128|seed=0,True,HumanEval-RandomSpanInfillingLight:43:b95b89416c2f581f|deployable_grid|canvas=32|seed=0,True,HumanEval-RandomSpanInfillingLight:43:b95b89416c2f581f|deployable_grid|canvas=16|seed=0,False,HumanEval-RandomSpanInfillingLight:43:b95b89416c2f581f|deployable_grid|canvas=16|seed=0,False
HumanEval-RandomSpanInfillingLight:44:b4c20f0be1caf41e,5e2a4f7a738ef97c,medium,False,HumanEval-RandomSpanInfillingLight:44:b4c20f0be1caf41e|deployable_grid|canvas=64|seed=0,False,HumanEval-RandomSpanInfillingLight:44:b4c20f0be1caf41e|deployable_grid|canvas=16|seed=0,True,HumanEval-RandomSpanInfillingLight:44:b4c20f0be1caf41e|deployable_grid|canvas=16|seed=0,True,HumanEval-RandomSpanInfillingLight:44:b4c20f0be1caf41e|deployable_grid|canvas=64|seed=0,False,HumanEval-RandomSpanInfillingLight:44:b4c20f0be1caf41e|deployable_grid|canvas=16|seed=0,True
HumanEval-RandomSpanInfillingLight:45:d0708ca509d2f7af,4ba4a3691e883e53,short,False,HumanEval-RandomSpanInfillingLight:45:d0708ca509d2f7af|deployable_grid|canvas=128|seed=0,True,HumanEval-RandomSpanInfillingLight:45:d0708ca509d2f7af|deployable_grid|canvas=16|seed=0,False,HumanEval-RandomSpanInfillingLight:45:d0708ca509d2f7af|deployable_grid|canvas=128|seed=0,True,HumanEval-RandomSpanInfillingLight:45:d0708ca509d2f7af|deployable_grid|canvas=16|seed=0,False,HumanEval-RandomSpanInfillingLight:45:d0708ca509d2f7af|deployable_grid|canvas=16|seed=0,False
HumanEval-RandomSpanInfillingLight:46:5388787de392320f,14ccd9bcc34260ef,long,True,HumanEval-RandomSpanInfillingLight:46:5388787de392320f|deployable_grid|canvas=64|seed=0,True,HumanEval-RandomSpanInfillingLight:46:5388787de392320f|deployable_grid|canvas=16|seed=0,False,HumanEval-RandomSpanInfillingLight:46:5388787de392320f|deployable_grid|canvas=64|seed=0,True,HumanEval-RandomSpanInfillingLight:46:5388787de392320f|deployable_grid|canvas=16|seed=0,False,HumanEval-RandomSpanInfillingLight:46:5388787de392320f|deployable_grid|canvas=16|seed=0,False
HumanEval-RandomSpanInfillingLight:47:9c7732ce533d225d,3cc3ff28b66e4de1,extreme,True,HumanEval-RandomSpanInfillingLight:47:9c7732ce533d225d|deployable_grid|canvas=128|seed=0,False,HumanEval-RandomSpanInfillingLight:47:9c7732ce533d225d|deployable_grid|canvas=64|seed=0,True,HumanEval-RandomSpanInfillingLight:47:9c7732ce533d225d|deployable_grid|canvas=32|seed=0,True,HumanEval-RandomSpanInfillingLight:47:9c7732ce533d225d|deployable_grid|canvas=16|seed=0,False,HumanEval-RandomSpanInfillingLight:47:9c7732ce533d225d|deployable_grid|canvas=16|seed=0,False
HumanEval-RandomSpanInfillingLight:48:1e1a0010a66302b5,316279a43cc11fa1,long,True,HumanEval-RandomSpanInfillingLight:48:1e1a0010a66302b5|deployable_grid|canvas=128|seed=0,True,HumanEval-RandomSpanInfillingLight:48:1e1a0010a66302b5|deployable_grid|canvas=16|seed=0,True,HumanEval-RandomSpanInfillingLight:48:1e1a0010a66302b5|deployable_grid|canvas=16|seed=0,True,HumanEval-RandomSpanInfillingLight:48:1e1a0010a66302b5|deployable_grid|canvas=32|seed=0,True,HumanEval-RandomSpanInfillingLight:48:1e1a0010a66302b5|deployable_grid|canvas=16|seed=0,True
HumanEval-RandomSpanInfillingLight:49:7b8a0fc03742bd87,4fccd624ee354f5e,short,False,HumanEval-RandomSpanInfillingLight:49:7b8a0fc03742bd87|deployable_grid|canvas=128|seed=0,True,HumanEval-RandomSpanInfillingLight:49:7b8a0fc03742bd87|deployable_grid|canvas=32|seed=0,False,HumanEval-RandomSpanInfillingLight:49:7b8a0fc03742bd87|deployable_grid|canvas=64|seed=0,False,HumanEval-RandomSpanInfillingLight:49:7b8a0fc03742bd87|deployable_grid|canvas=64|seed=0,False,HumanEval-RandomSpanInfillingLight:49:7b8a0fc03742bd87|deployable_grid|canvas=16|seed=0,True
HumanEval-RandomSpanInfillingLight:4:1afc9c1a6c1dc226,f921ad923ee1debd,medium,True,HumanEval-RandomSpanInfillingLight:4:1afc9c1a6c1dc226|deployable_grid|canvas=32|seed=0,True,HumanEval-RandomSpanInfillingLight:4:1afc9c1a6c1dc226|deployable_grid|canvas=64|seed=0,True,HumanEval-RandomSpanInfillingLight:4:1afc9c1a6c1dc226|deployable_grid|canvas=16|seed=0,True,HumanEval-RandomSpanInfillingLight:4:1afc9c1a6c1dc226|deployable_grid|canvas=16|seed=0,True,HumanEval-RandomSpanInfillingLight:4:1afc9c1a6c1dc226|deployable_grid|canvas=16|seed=0,True
HumanEval-RandomSpanInfillingLight:51:b0fa3d203d20cabf,be1ee02ddbb8064c,short,False,HumanEval-RandomSpanInfillingLight:51:b0fa3d203d20cabf|deployable_grid|canvas=32|seed=0,False,HumanEval-RandomSpanInfillingLight:51:b0fa3d203d20cabf|deployable_grid|canvas=32|seed=0,False,HumanEval-RandomSpanInfillingLight:51:b0fa3d203d20cabf|deployable_grid|canvas=32|seed=0,False,HumanEval-RandomSpanInfillingLight:51:b0fa3d203d20cabf|deployable_grid|canvas=16|seed=0,False,HumanEval-RandomSpanInfillingLight:51:b0fa3d203d20cabf|deployable_grid|canvas=16|seed=0,False
HumanEval-RandomSpanInfillingLight:52:f39aee273f61c7a4,df450ef6726c4dd6,medium,False,HumanEval-RandomSpanInfillingLight:52:f39aee273f61c7a4|deployable_grid|canvas=32|seed=0,False,HumanEval-RandomSpanInfillingLight:52:f39aee273f61c7a4|deployable_grid|canvas=16|seed=0,False,HumanEval-RandomSpanInfillingLight:52:f39aee273f61c7a4|deployable_grid|canvas=16|seed=0,False,HumanEval-RandomSpanInfillingLight:52:f39aee273f61c7a4|deployable_grid|canvas=16|seed=0,False,HumanEval-RandomSpanInfillingLight:52:f39aee273f61c7a4|deployable_grid|canvas=16|seed=0,False
HumanEval-RandomSpanInfillingLight:53:b9f0d5be8a97da64,51e1a8265537750f,short,True,HumanEval-RandomSpanInfillingLight:53:b9f0d5be8a97da64|deployable_grid|canvas=32|seed=0,True,HumanEval-RandomSpanInfillingLight:53:b9f0d5be8a97da64|deployable_grid|canvas=16|seed=0,False,HumanEval-RandomSpanInfillingLight:53:b9f0d5be8a97da64|deployable_grid|canvas=32|seed=0,True,HumanEval-RandomSpanInfillingLight:53:b9f0d5be8a97da64|deployable_grid|canvas=16|seed=0,False,HumanEval-RandomSpanInfillingLight:53:b9f0d5be8a97da64|deployable_grid|canvas=16|seed=0,False
HumanEval-RandomSpanInfillingLight:54:ae3f432340a0729f,a5713988c2cb65c7,medium,False,HumanEval-RandomSpanInfillingLight:54:ae3f432340a0729f|deployable_grid|canvas=32|seed=0,False,HumanEval-RandomSpanInfillingLight:54:ae3f432340a0729f|deployable_grid|canvas=32|seed=0,False,HumanEval-RandomSpanInfillingLight:54:ae3f432340a0729f|deployable_grid|canvas=32|seed=0,False,HumanEval-RandomSpanInfillingLight:54:ae3f432340a0729f|deployable_grid|canvas=16|seed=0,False,HumanEval-RandomSpanInfillingLight:54:ae3f432340a0729f|deployable_grid|canvas=16|seed=0,False
HumanEval-RandomSpanInfillingLight:55:112a940d06b0eab5,58ff48a93e326c3f,extreme,True,HumanEval-RandomSpanInfillingLight:55:112a940d06b0eab5|deployable_grid|canvas=64|seed=0,True,HumanEval-RandomSpanInfillingLight:55:112a940d06b0eab5|deployable_grid|canvas=32|seed=0,False,HumanEval-RandomSpanInfillingLight:55:112a940d06b0eab5|deployable_grid|canvas=16|seed=0,True,HumanEval-RandomSpanInfillingLight:55:112a940d06b0eab5|deployable_grid|canvas=64|seed=0,True,HumanEval-RandomSpanInfillingLight:55:112a940d06b0eab5|deployable_grid|canvas=16|seed=0,True
HumanEval-RandomSpanInfillingLight:56:cc3a974ef3d21045,d1f91125b3350ab6,extreme,True,HumanEval-RandomSpanInfillingLight:56:cc3a974ef3d21045|deployable_grid|canvas=128|seed=0,False,HumanEval-RandomSpanInfillingLight:56:cc3a974ef3d21045|deployable_grid|canvas=32|seed=0,False,HumanEval-RandomSpanInfillingLight:56:cc3a974ef3d21045|deployable_grid|canvas=128|seed=0,False,HumanEval-RandomSpanInfillingLight:56:cc3a974ef3d21045|deployable_grid|canvas=16|seed=0,False,HumanEval-RandomSpanInfillingLight:56:cc3a974ef3d21045|deployable_grid|canvas=16|seed=0,False
HumanEval-RandomSpanInfillingLight:57:c306aacce3dd640f,838f11b59257e250,medium,True,HumanEval-RandomSpanInfillingLight:57:c306aacce3dd640f|deployable_grid|canvas=16|seed=0,True,HumanEval-RandomSpanInfillingLight:57:c306aacce3dd640f|deployable_grid|canvas=16|seed=0,True,HumanEval-RandomSpanInfillingLight:57:c306aacce3dd640f|deployable_grid|canvas=16|seed=0,True,HumanEval-RandomSpanInfillingLight:57:c306aacce3dd640f|deployable_grid|canvas=16|seed=0,True,HumanEval-RandomSpanInfillingLight:57:c306aacce3dd640f|deployable_grid|canvas=16|seed=0,True
HumanEval-RandomSpanInfillingLight:58:85a615d9ab6b2c91,2b009e04c83e050a,short,True,HumanEval-RandomSpanInfillingLight:58:85a615d9ab6b2c91|deployable_grid|canvas=128|seed=0,True,HumanEval-RandomSpanInfillingLight:58:85a615d9ab6b2c91|deployable_grid|canvas=32|seed=0,True,HumanEval-RandomSpanInfillingLight:58:85a615d9ab6b2c91|deployable_grid|canvas=64|seed=0,True,HumanEval-RandomSpanInfillingLight:58:85a615d9ab6b2c91|deployable_grid|canvas=16|seed=0,True,HumanEval-RandomSpanInfillingLight:58:85a615d9ab6b2c91|deployable_grid|canvas=16|seed=0,True
HumanEval-RandomSpanInfillingLight:59:1d7be0991a006a75,afb05c037613a73d,medium,False,HumanEval-RandomSpanInfillingLight:59:1d7be0991a006a75|deployable_grid|canvas=64|seed=0,False,HumanEval-RandomSpanInfillingLight:59:1d7be0991a006a75|deployable_grid|canvas=32|seed=0,False,HumanEval-RandomSpanInfillingLight:59:1d7be0991a006a75|deployable_grid|canvas=64|seed=0,False,HumanEval-RandomSpanInfillingLight:59:1d7be0991a006a75|deployable_grid|canvas=16|seed=0,False,HumanEval-RandomSpanInfillingLight:59:1d7be0991a006a75|deployable_grid|canvas=16|seed=0,False
HumanEval-RandomSpanInfillingLight:5:027ec5c0c5928360,232f52cff54e2e47,long,False,HumanEval-RandomSpanInfillingLight:5:027ec5c0c5928360|deployable_grid|canvas=128|seed=0,False,HumanEval-RandomSpanInfillingLight:5:027ec5c0c5928360|deployable_grid|canvas=128|seed=0,False,HumanEval-RandomSpanInfillingLight:5:027ec5c0c5928360|deployable_grid|canvas=32|seed=0,False,HumanEval-RandomSpanInfillingLight:5:027ec5c0c5928360|deployable_grid|canvas=16|seed=0,False,HumanEval-RandomSpanInfillingLight:5:027ec5c0c5928360|deployable_grid|canvas=16|seed=0,False
HumanEval-RandomSpanInfillingLight:60:feda1953ec63c0f7,ce5c364ac4d7a581,short,False,HumanEval-RandomSpanInfillingLight:60:feda1953ec63c0f7|deployable_grid|canvas=16|seed=0,False,HumanEval-RandomSpanInfillingLight:60:feda1953ec63c0f7|deployable_grid|canvas=16|seed=0,False,HumanEval-RandomSpanInfillingLight:60:feda1953ec63c0f7|deployable_grid|canvas=16|seed=0,False,HumanEval-RandomSpanInfillingLight:60:feda1953ec63c0f7|deployable_grid|canvas=16|seed=0,False,HumanEval-RandomSpanInfillingLight:60:feda1953ec63c0f7|deployable_grid|canvas=16|seed=0,False
HumanEval-RandomSpanInfillingLight:61:cdc7f41a9215452e,0c909c3134936803,long,True,HumanEval-RandomSpanInfillingLight:61:cdc7f41a9215452e|deployable_grid|canvas=128|seed=0,True,HumanEval-RandomSpanInfillingLight:61:cdc7f41a9215452e|deployable_grid|canvas=16|seed=0,True,HumanEval-RandomSpanInfillingLight:61:cdc7f41a9215452e|deployable_grid|canvas=128|seed=0,True,HumanEval-RandomSpanInfillingLight:61:cdc7f41a9215452e|deployable_grid|canvas=16|seed=0,True,HumanEval-RandomSpanInfillingLight:61:cdc7f41a9215452e|deployable_grid|canvas=16|seed=0,True
HumanEval-RandomSpanInfillingLight:62:fb6f522d976ea7be,eb7e81a5bec9e5e1,short,False,HumanEval-RandomSpanInfillingLight:62:fb6f522d976ea7be|deployable_grid|canvas=128|seed=0,False,HumanEval-RandomSpanInfillingLight:62:fb6f522d976ea7be|deployable_grid|canvas=16|seed=0,False,HumanEval-RandomSpanInfillingLight:62:fb6f522d976ea7be|deployable_grid|canvas=16|seed=0,False,HumanEval-RandomSpanInfillingLight:62:fb6f522d976ea7be|deployable_grid|canvas=16|seed=0,False,HumanEval-RandomSpanInfillingLight:62:fb6f522d976ea7be|deployable_grid|canvas=16|seed=0,False
HumanEval-RandomSpanInfillingLight:63:2c138e3f7295fd16,a4314dada4015958,extreme,False,HumanEval-RandomSpanInfillingLight:63:2c138e3f7295fd16|deployable_grid|canvas=16|seed=0,False,HumanEval-RandomSpanInfillingLight:63:2c138e3f7295fd16|deployable_grid|canvas=16|seed=0,False,HumanEval-RandomSpanInfillingLight:63:2c138e3f7295fd16|deployable_grid|canvas=16|seed=0,False,HumanEval-RandomSpanInfillingLight:63:2c138e3f7295fd16|deployable_grid|canvas=16|seed=0,False,HumanEval-RandomSpanInfillingLight:63:2c138e3f7295fd16|deployable_grid|canvas=16|seed=0,False
HumanEval-RandomSpanInfillingLight:64:7df0c721159da1af,50f6239dbdcd0f9b,extreme,False,HumanEval-RandomSpanInfillingLight:64:7df0c721159da1af|deployable_grid|canvas=128|seed=0,False,HumanEval-RandomSpanInfillingLight:64:7df0c721159da1af|deployable_grid|canvas=16|seed=0,False,HumanEval-RandomSpanInfillingLight:64:7df0c721159da1af|deployable_grid|canvas=32|seed=0,False,HumanEval-RandomSpanInfillingLight:64:7df0c721159da1af|deployable_grid|canvas=128|seed=0,False,HumanEval-RandomSpanInfillingLight:64:7df0c721159da1af|deployable_grid|canvas=16|seed=0,False
HumanEval-RandomSpanInfillingLight:65:958d25fa93bd4e71,9a5c4ea2c95951f5,long,False,HumanEval-RandomSpanInfillingLight:65:958d25fa93bd4e71|deployable_grid|canvas=16|seed=0,False,HumanEval-RandomSpanInfillingLight:65:958d25fa93bd4e71|deployable_grid|canvas=32|seed=0,False,HumanEval-RandomSpanInfillingLight:65:958d25fa93bd4e71|deployable_grid|canvas=16|seed=0,False,HumanEval-RandomSpanInfillingLight:65:958d25fa93bd4e71|deployable_grid|canvas=64|seed=0,False,HumanEval-RandomSpanInfillingLight:65:958d25fa93bd4e71|deployable_grid|canvas=16|seed=0,False
HumanEval-RandomSpanInfillingLight:67:ae9afb47f12db515,38f458158d34b7fb,long,False,HumanEval-RandomSpanInfillingLight:67:ae9afb47f12db515|deployable_grid|canvas=64|seed=0,False,HumanEval-RandomSpanInfillingLight:67:ae9afb47f12db515|deployable_grid|canvas=16|seed=0,False,HumanEval-RandomSpanInfillingLight:67:ae9afb47f12db515|deployable_grid|canvas=16|seed=0,False,HumanEval-RandomSpanInfillingLight:67:ae9afb47f12db515|deployable_grid|canvas=16|seed=0,False,HumanEval-RandomSpanInfillingLight:67:ae9afb47f12db515|deployable_grid|canvas=16|seed=0,False
HumanEval-RandomSpanInfillingLight:68:3d28a7f2084eb9df,c6c5ce0347d4e19f,long,True,HumanEval-RandomSpanInfillingLight:68:3d28a7f2084eb9df|deployable_grid|canvas=128|seed=0,True,HumanEval-RandomSpanInfillingLight:68:3d28a7f2084eb9df|deployable_grid|canvas=16|seed=0,False,HumanEval-RandomSpanInfillingLight:68:3d28a7f2084eb9df|deployable_grid|canvas=16|seed=0,False,HumanEval-RandomSpanInfillingLight:68:3d28a7f2084eb9df|deployable_grid|canvas=16|seed=0,False,HumanEval-RandomSpanInfillingLight:68:3d28a7f2084eb9df|deployable_grid|canvas=16|seed=0,False
HumanEval-RandomSpanInfillingLight:6:f034ae89aa25d4fa,be3eebd770386605,extreme,False,HumanEval-RandomSpanInfillingLight:6:f034ae89aa25d4fa|deployable_grid|canvas=64|seed=0,False,HumanEval-RandomSpanInfillingLight:6:f034ae89aa25d4fa|deployable_grid|canvas=64|seed=0,False,HumanEval-RandomSpanInfillingLight:6:f034ae89aa25d4fa|deployable_grid|canvas=16|seed=0,False,HumanEval-RandomSpanInfillingLight:6:f034ae89aa25d4fa|deployable_grid|canvas=16|seed=0,False,HumanEval-RandomSpanInfillingLight:6:f034ae89aa25d4fa|deployable_grid|canvas=16|seed=0,False
HumanEval-RandomSpanInfillingLight:70:45019232b34441d4,db3eff1bec83b7ad,long,True,HumanEval-RandomSpanInfillingLight:70:45019232b34441d4|deployable_grid|canvas=16|seed=0,False,HumanEval-RandomSpanInfillingLight:70:45019232b34441d4|deployable_grid|canvas=16|seed=0,False,HumanEval-RandomSpanInfillingLight:70:45019232b34441d4|deployable_grid|canvas=16|seed=0,False,HumanEval-RandomSpanInfillingLight:70:45019232b34441d4|deployable_grid|canvas=16|seed=0,False,HumanEval-RandomSpanInfillingLight:70:45019232b34441d4|deployable_grid|canvas=16|seed=0,False
HumanEval-RandomSpanInfillingLight:71:e46913e9396c9827,2a8f575950c3086e,extreme,True,HumanEval-RandomSpanInfillingLight:71:e46913e9396c9827|deployable_grid|canvas=16|seed=0,False,HumanEval-RandomSpanInfillingLight:71:e46913e9396c9827|deployable_grid|canvas=32|seed=0,False,HumanEval-RandomSpanInfillingLight:71:e46913e9396c9827|deployable_grid|canvas=16|seed=0,False,HumanEval-RandomSpanInfillingLight:71:e46913e9396c9827|deployable_grid|canvas=16|seed=0,False,HumanEval-RandomSpanInfillingLight:71:e46913e9396c9827|deployable_grid|canvas=16|seed=0,False
HumanEval-RandomSpanInfillingLight:72:f1dc6871e30b99b0,f5cb1c7b19189999,extreme,True,HumanEval-RandomSpanInfillingLight:72:f1dc6871e30b99b0|deployable_grid|canvas=32|seed=0,True,HumanEval-RandomSpanInfillingLight:72:f1dc6871e30b99b0|deployable_grid|canvas=16|seed=0,False,HumanEval-RandomSpanInfillingLight:72:f1dc6871e30b99b0|deployable_grid|canvas=16|seed=0,False,HumanEval-RandomSpanInfillingLight:72:f1dc6871e30b99b0|deployable_grid|canvas=16|seed=0,False,HumanEval-RandomSpanInfillingLight:72:f1dc6871e30b99b0|deployable_grid|canvas=16|seed=0,False
HumanEval-RandomSpanInfillingLight:73:2fba7e9af12688a7,6c631f77367964c7,long,False,HumanEval-RandomSpanInfillingLight:73:2fba7e9af12688a7|deployable_grid|canvas=128|seed=0,True,HumanEval-RandomSpanInfillingLight:73:2fba7e9af12688a7|deployable_grid|canvas=16|seed=0,False,HumanEval-RandomSpanInfillingLight:73:2fba7e9af12688a7|deployable_grid|canvas=128|seed=0,True,HumanEval-RandomSpanInfillingLight:73:2fba7e9af12688a7|deployable_grid|canvas=16|seed=0,False,HumanEval-RandomSpanInfillingLight:73:2fba7e9af12688a7|deployable_grid|canvas=16|seed=0,False
HumanEval-RandomSpanInfillingLight:74:afb4a920ace0a9c0,36327d591bd95858,extreme,True,HumanEval-RandomSpanInfillingLight:74:afb4a920ace0a9c0|deployable_grid|canvas=64|seed=0,True,HumanEval-RandomSpanInfillingLight:74:afb4a920ace0a9c0|deployable_grid|canvas=16|seed=0,False,HumanEval-RandomSpanInfillingLight:74:afb4a920ace0a9c0|deployable_grid|canvas=16|seed=0,False,HumanEval-RandomSpanInfillingLight:74:afb4a920ace0a9c0|deployable_grid|canvas=16|seed=0,False,HumanEval-RandomSpanInfillingLight:74:afb4a920ace0a9c0|deployable_grid|canvas=16|seed=0,False
HumanEval-RandomSpanInfillingLight:75:fd49bfef78698e78,2a3fd79f09430b34,extreme,False,HumanEval-RandomSpanInfillingLight:75:fd49bfef78698e78|deployable_grid|canvas=128|seed=0,True,HumanEval-RandomSpanInfillingLight:75:fd49bfef78698e78|deployable_grid|canvas=16|seed=0,False,HumanEval-RandomSpanInfillingLight:75:fd49bfef78698e78|deployable_grid|canvas=16|seed=0,False,HumanEval-RandomSpanInfillingLight:75:fd49bfef78698e78|deployable_grid|canvas=128|seed=0,True,HumanEval-RandomSpanInfillingLight:75:fd49bfef78698e78|deployable_grid|canvas=16|seed=0,False
HumanEval-RandomSpanInfillingLight:77:83a726f7403c583d,eb8e56493070f0ed,medium,False,HumanEval-RandomSpanInfillingLight:77:83a726f7403c583d|deployable_grid|canvas=16|seed=0,False,HumanEval-RandomSpanInfillingLight:77:83a726f7403c583d|deployable_grid|canvas=32|seed=0,False,HumanEval-RandomSpanInfillingLight:77:83a726f7403c583d|deployable_grid|canvas=16|seed=0,False,HumanEval-RandomSpanInfillingLight:77:83a726f7403c583d|deployable_grid|canvas=16|seed=0,False,HumanEval-RandomSpanInfillingLight:77:83a726f7403c583d|deployable_grid|canvas=16|seed=0,False
HumanEval-RandomSpanInfillingLight:79:4e9d63147475ee15,85631acc557f05cb,short,False,HumanEval-RandomSpanInfillingLight:79:4e9d63147475ee15|deployable_grid|canvas=16|seed=0,False,HumanEval-RandomSpanInfillingLight:79:4e9d63147475ee15|deployable_grid|canvas=16|seed=0,False,HumanEval-RandomSpanInfillingLight:79:4e9d63147475ee15|deployable_grid|canvas=16|seed=0,False,HumanEval-RandomSpanInfillingLight:79:4e9d63147475ee15|deployable_grid|canvas=16|seed=0,False,HumanEval-RandomSpanInfillingLight:79:4e9d63147475ee15|deployable_grid|canvas=16|seed=0,False
HumanEval-RandomSpanInfillingLight:7:c1f6b7150375bd50,2733b90a7cad1177,short,False,HumanEval-RandomSpanInfillingLight:7:c1f6b7150375bd50|deployable_grid|canvas=32|seed=0,True,HumanEval-RandomSpanInfillingLight:7:c1f6b7150375bd50|deployable_grid|canvas=16|seed=0,False,HumanEval-RandomSpanInfillingLight:7:c1f6b7150375bd50|deployable_grid|canvas=32|seed=0,True,HumanEval-RandomSpanInfillingLight:7:c1f6b7150375bd50|deployable_grid|canvas=16|seed=0,False,HumanEval-RandomSpanInfillingLight:7:c1f6b7150375bd50|deployable_grid|canvas=16|seed=0,False
HumanEval-RandomSpanInfillingLight:80:794a74636fa0c8ed,5a4ecec291dac254,extreme,False,HumanEval-RandomSpanInfillingLight:80:794a74636fa0c8ed|deployable_grid|canvas=16|seed=0,False,HumanEval-RandomSpanInfillingLight:80:794a74636fa0c8ed|deployable_grid|canvas=16|seed=0,False,HumanEval-RandomSpanInfillingLight:80:794a74636fa0c8ed|deployable_grid|canvas=16|seed=0,False,HumanEval-RandomSpanInfillingLight:80:794a74636fa0c8ed|deployable_grid|canvas=16|seed=0,False,HumanEval-RandomSpanInfillingLight:80:794a74636fa0c8ed|deployable_grid|canvas=16|seed=0,False
HumanEval-RandomSpanInfillingLight:82:9d6ca96cfb19f579,49bd100cd1fe4828,extreme,True,HumanEval-RandomSpanInfillingLight:82:9d6ca96cfb19f579|deployable_grid|canvas=32|seed=0,True,HumanEval-RandomSpanInfillingLight:82:9d6ca96cfb19f579|deployable_grid|canvas=16|seed=0,False,HumanEval-RandomSpanInfillingLight:82:9d6ca96cfb19f579|deployable_grid|canvas=16|seed=0,False,HumanEval-RandomSpanInfillingLight:82:9d6ca96cfb19f579|deployable_grid|canvas=16|seed=0,False,HumanEval-RandomSpanInfillingLight:82:9d6ca96cfb19f579|deployable_grid|canvas=16|seed=0,False
HumanEval-RandomSpanInfillingLight:83:f5b85023b5b20ecc,604a3eb3d2599a68,long,False,HumanEval-RandomSpanInfillingLight:83:f5b85023b5b20ecc|deployable_grid|canvas=128|seed=0,False,HumanEval-RandomSpanInfillingLight:83:f5b85023b5b20ecc|deployable_grid|canvas=16|seed=0,False,HumanEval-RandomSpanInfillingLight:83:f5b85023b5b20ecc|deployable_grid|canvas=16|seed=0,False,HumanEval-RandomSpanInfillingLight:83:f5b85023b5b20ecc|deployable_grid|canvas=16|seed=0,False,HumanEval-RandomSpanInfillingLight:83:f5b85023b5b20ecc|deployable_grid|canvas=16|seed=0,False
HumanEval-RandomSpanInfillingLight:85:9ac42109d4bb7c70,08e1de8dd39cedf8,long,False,HumanEval-RandomSpanInfillingLight:85:9ac42109d4bb7c70|deployable_grid|canvas=32|seed=0,False,HumanEval-RandomSpanInfillingLight:85:9ac42109d4bb7c70|deployable_grid|canvas=32|seed=0,False,HumanEval-RandomSpanInfillingLight:85:9ac42109d4bb7c70|deployable_grid|canvas=16|seed=0,False,HumanEval-RandomSpanInfillingLight:85:9ac42109d4bb7c70|deployable_grid|canvas=32|seed=0,False,HumanEval-RandomSpanInfillingLight:85:9ac42109d4bb7c70|deployable_grid|canvas=16|seed=0,False
HumanEval-RandomSpanInfillingLight:86:36a55f80f0b49607,0dedbe601f628587,medium,True,HumanEval-RandomSpanInfillingLight:86:36a55f80f0b49607|deployable_grid|canvas=16|seed=0,True,HumanEval-RandomSpanInfillingLight:86:36a55f80f0b49607|deployable_grid|canvas=16|seed=0,True,HumanEval-RandomSpanInfillingLight:86:36a55f80f0b49607|deployable_grid|canvas=64|seed=0,True,HumanEval-RandomSpanInfillingLight:86:36a55f80f0b49607|deployable_grid|canvas=16|seed=0,True,HumanEval-RandomSpanInfillingLight:86:36a55f80f0b49607|deployable_grid|canvas=16|seed=0,True
HumanEval-RandomSpanInfillingLight:87:d0581266c0cc4f23,5122472887b985fd,long,False,HumanEval-RandomSpanInfillingLight:87:d0581266c0cc4f23|deployable_grid|canvas=32|seed=0,False,HumanEval-RandomSpanInfillingLight:87:d0581266c0cc4f23|deployable_grid|canvas=16|seed=0,True,HumanEval-RandomSpanInfillingLight:87:d0581266c0cc4f23|deployable_grid|canvas=32|seed=0,False,HumanEval-RandomSpanInfillingLight:87:d0581266c0cc4f23|deployable_grid|canvas=16|seed=0,True,HumanEval-RandomSpanInfillingLight:87:d0581266c0cc4f23|deployable_grid|canvas=16|seed=0,True
HumanEval-RandomSpanInfillingLight:88:f77c589299b0eb4a,16630b3cfa38242c,medium,False,HumanEval-RandomSpanInfillingLight:88:f77c589299b0eb4a|deployable_grid|canvas=64|seed=0,False,HumanEval-RandomSpanInfillingLight:88:f77c589299b0eb4a|deployable_grid|canvas=32|seed=0,False,HumanEval-RandomSpanInfillingLight:88:f77c589299b0eb4a|deployable_grid|canvas=64|seed=0,False,HumanEval-RandomSpanInfillingLight:88:f77c589299b0eb4a|deployable_grid|canvas=64|seed=0,False,HumanEval-RandomSpanInfillingLight:88:f77c589299b0eb4a|deployable_grid|canvas=16|seed=0,False
HumanEval-RandomSpanInfillingLight:89:4ee80a7700ef6e98,9c8063c821462ba5,medium,False,HumanEval-RandomSpanInfillingLight:89:4ee80a7700ef6e98|deployable_grid|canvas=64|seed=0,False,HumanEval-RandomSpanInfillingLight:89:4ee80a7700ef6e98|deployable_grid|canvas=16|seed=0,True,HumanEval-RandomSpanInfillingLight:89:4ee80a7700ef6e98|deployable_grid|canvas=64|seed=0,False,HumanEval-RandomSpanInfillingLight:89:4ee80a7700ef6e98|deployable_grid|canvas=32|seed=0,False,HumanEval-RandomSpanInfillingLight:89:4ee80a7700ef6e98|deployable_grid|canvas=16|seed=0,True
HumanEval-RandomSpanInfillingLight:8:95068ce714f09af6,3e38f74ddaa1e169,extreme,True,HumanEval-RandomSpanInfillingLight:8:95068ce714f09af6|deployable_grid|canvas=64|seed=0,True,HumanEval-RandomSpanInfillingLight:8:95068ce714f09af6|deployable_grid|canvas=16|seed=0,False,HumanEval-RandomSpanInfillingLight:8:95068ce714f09af6|deployable_grid|canvas=32|seed=0,True,HumanEval-RandomSpanInfillingLight:8:95068ce714f09af6|deployable_grid|canvas=16|seed=0,False,HumanEval-RandomSpanInfillingLight:8:95068ce714f09af6|deployable_grid|canvas=16|seed=0,False
HumanEval-RandomSpanInfillingLight:90:dd01e5614b0e50ee,4b46a42403ef2e9d,medium,False,HumanEval-RandomSpanInfillingLight:90:dd01e5614b0e50ee|deployable_grid|canvas=16|seed=0,False,HumanEval-RandomSpanInfillingLight:90:dd01e5614b0e50ee|deployable_grid|canvas=16|seed=0,False,HumanEval-RandomSpanInfillingLight:90:dd01e5614b0e50ee|deployable_grid|canvas=16|seed=0,False,HumanEval-RandomSpanInfillingLight:90:dd01e5614b0e50ee|deployable_grid|canvas=16|seed=0,False,HumanEval-RandomSpanInfillingLight:90:dd01e5614b0e50ee|deployable_grid|canvas=16|seed=0,False
HumanEval-RandomSpanInfillingLight:92:38e5983303e0cea8,b01793d951b883ed,extreme,True,HumanEval-RandomSpanInfillingLight:92:38e5983303e0cea8|deployable_grid|canvas=16|seed=0,False,HumanEval-RandomSpanInfillingLight:92:38e5983303e0cea8|deployable_grid|canvas=64|seed=0,True,HumanEval-RandomSpanInfillingLight:92:38e5983303e0cea8|deployable_grid|canvas=16|seed=0,False,HumanEval-RandomSpanInfillingLight:92:38e5983303e0cea8|deployable_grid|canvas=16|seed=0,False,HumanEval-RandomSpanInfillingLight:92:38e5983303e0cea8|deployable_grid|canvas=16|seed=0,False
HumanEval-RandomSpanInfillingLight:93:8c0b3c4c468b2fdd,fd321c069b451190,extreme,False,HumanEval-RandomSpanInfillingLight:93:8c0b3c4c468b2fdd|deployable_grid|canvas=16|seed=0,False,HumanEval-RandomSpanInfillingLight:93:8c0b3c4c468b2fdd|deployable_grid|canvas=32|seed=0,False,HumanEval-RandomSpanInfillingLight:93:8c0b3c4c468b2fdd|deployable_grid|canvas=16|seed=0,False,HumanEval-RandomSpanInfillingLight:93:8c0b3c4c468b2fdd|deployable_grid|canvas=16|seed=0,False,HumanEval-RandomSpanInfillingLight:93:8c0b3c4c468b2fdd|deployable_grid|canvas=16|seed=0,False
HumanEval-RandomSpanInfillingLight:94:7fb920ae1649b15e,ac4555e07d0a71c3,extreme,False,HumanEval-RandomSpanInfillingLight:94:7fb920ae1649b15e|deployable_grid|canvas=128|seed=0,True,HumanEval-RandomSpanInfillingLight:94:7fb920ae1649b15e|deployable_grid|canvas=16|seed=0,True,HumanEval-RandomSpanInfillingLight:94:7fb920ae1649b15e|deployable_grid|canvas=128|seed=0,True,HumanEval-RandomSpanInfillingLight:94:7fb920ae1649b15e|deployable_grid|canvas=16|seed=0,True,HumanEval-RandomSpanInfillingLight:94:7fb920ae1649b15e|deployable_grid|canvas=16|seed=0,True
HumanEval-RandomSpanInfillingLight:95:1ffeb6ea0ed5446e,3c6fff5d09ed505c,extreme,False,HumanEval-RandomSpanInfillingLight:95:1ffeb6ea0ed5446e|deployable_grid|canvas=32|seed=0,False,HumanEval-RandomSpanInfillingLight:95:1ffeb6ea0ed5446e|deployable_grid|canvas=16|seed=0,False,HumanEval-RandomSpanInfillingLight:95:1ffeb6ea0ed5446e|deployable_grid|canvas=32|seed=0,False,HumanEval-RandomSpanInfillingLight:95:1ffeb6ea0ed5446e|deployable_grid|canvas=32|seed=0,False,HumanEval-RandomSpanInfillingLight:95:1ffeb6ea0ed5446e|deployable_grid|canvas=16|seed=0,False
HumanEval-RandomSpanInfillingLight:96:89f241007004b293,69dd8d045385471d,extreme,False,HumanEval-RandomSpanInfillingLight:96:89f241007004b293|deployable_grid|canvas=128|seed=0,True,HumanEval-RandomSpanInfillingLight:96:89f241007004b293|deployable_grid|canvas=16|seed=0,False,HumanEval-RandomSpanInfillingLight:96:89f241007004b293|deployable_grid|canvas=128|seed=0,True,HumanEval-RandomSpanInfillingLight:96:89f241007004b293|deployable_grid|canvas=16|seed=0,False,HumanEval-RandomSpanInfillingLight:96:89f241007004b293|deployable_grid|canvas=16|seed=0,False
HumanEval-RandomSpanInfillingLight:97:d70425fedaa70700,cc2f1c675fcfb5a1,medium,True,HumanEval-RandomSpanInfillingLight:97:d70425fedaa70700|deployable_grid|canvas=16|seed=0,True,HumanEval-RandomSpanInfillingLight:97:d70425fedaa70700|deployable_grid|canvas=16|seed=0,True,HumanEval-RandomSpanInfillingLight:97:d70425fedaa70700|deployable_grid|canvas=16|seed=0,True,HumanEval-RandomSpanInfillingLight:97:d70425fedaa70700|deployable_grid|canvas=16|seed=0,True,HumanEval-RandomSpanInfillingLight:97:d70425fedaa70700|deployable_grid|canvas=16|seed=0,True
HumanEval-RandomSpanInfillingLight:99:aa64561371c96dc8,ac211ab8ad53e1d3,short,True,HumanEval-RandomSpanInfillingLight:99:aa64561371c96dc8|deployable_grid|canvas=64|seed=0,True,HumanEval-RandomSpanInfillingLight:99:aa64561371c96dc8|deployable_grid|canvas=16|seed=0,True,HumanEval-RandomSpanInfillingLight:99:aa64561371c96dc8|deployable_grid|canvas=16|seed=0,True,HumanEval-RandomSpanInfillingLight:99:aa64561371c96dc8|deployable_grid|canvas=16|seed=0,True,HumanEval-RandomSpanInfillingLight:99:aa64561371c96dc8|deployable_grid|canvas=16|seed=0,True
HumanEval-RandomSpanInfillingLight:9:c7e5c290aba2557d,c58bbfc44a0e1b33,extreme,False,HumanEval-RandomSpanInfillingLight:9:c7e5c290aba2557d|deployable_grid|canvas=128|seed=0,False,HumanEval-RandomSpanInfillingLight:9:c7e5c290aba2557d|deployable_grid|canvas=16|seed=0,False,HumanEval-RandomSpanInfillingLight:9:c7e5c290aba2557d|deployable_grid|canvas=128|seed=0,False,HumanEval-RandomSpanInfillingLight:9:c7e5c290aba2557d|deployable_grid|canvas=16|seed=0,False,HumanEval-RandomSpanInfillingLight:9:c7e5c290aba2557d|deployable_grid|canvas=16|seed=0,False
