task_group,policy_a,policy_b,policy_a_accuracy,policy_b_accuracy,delta,outcome,span_count
HumanEval/0,best_deployable_cal_lite_alpha006,control_fixed64,0.28205128205128205,0.3076923076923077,-0.02564102564102566,loss,39
HumanEval/1,best_deployable_cal_lite_alpha006,control_fixed64,0.16379310344827586,0.14655172413793102,0.017241379310344834,win,116
HumanEval/10,best_deployable_cal_lite_alpha006,control_fixed64,0.25,0.15625,0.09375,win,32
HumanEval/100,best_deployable_cal_lite_alpha006,control_fixed64,0.0,0.08333333333333333,-0.08333333333333333,loss,12
HumanEval/101,best_deployable_cal_lite_alpha006,control_fixed64,0.2727272727272727,0.24242424242424243,0.030303030303030276,win,66
HumanEval/102,best_deployable_cal_lite_alpha006,control_fixed64,0.15384615384615385,0.0,0.15384615384615385,win,39
HumanEval/103,best_deployable_cal_lite_alpha006,control_fixed64,0.34375,0.3125,0.03125,win,32
HumanEval/104,best_deployable_cal_lite_alpha006,control_fixed64,0.23076923076923078,0.3076923076923077,-0.07692307692307693,loss,26
HumanEval/105,best_deployable_cal_lite_alpha006,control_fixed64,0.24875621890547264,0.4079601990049751,-0.15920398009950246,loss,201
HumanEval/106,best_deployable_cal_lite_alpha006,control_fixed64,0.22077922077922077,0.5194805194805194,-0.2987012987012987,loss,77
HumanEval/107,best_deployable_cal_lite_alpha006,control_fixed64,0.13636363636363635,0.3939393939393939,-0.25757575757575757,loss,66
HumanEval/108,best_deployable_cal_lite_alpha006,control_fixed64,0.1282051282051282,0.15384615384615385,-0.02564102564102566,loss,39
HumanEval/109,best_deployable_cal_lite_alpha006,control_fixed64,0.22077922077922077,0.23376623376623376,-0.012987012987012991,loss,77
HumanEval/11,best_deployable_cal_lite_alpha006,control_fixed64,0.34375,0.53125,-0.1875,loss,32
HumanEval/110,best_deployable_cal_lite_alpha006,control_fixed64,0.2987012987012987,0.2727272727272727,0.025974025974025983,win,77
HumanEval/111,best_deployable_cal_lite_alpha006,control_fixed64,0.18181818181818182,0.23376623376623376,-0.05194805194805194,loss,77
HumanEval/112,best_deployable_cal_lite_alpha006,control_fixed64,0.21428571428571427,0.5,-0.2857142857142857,loss,14
HumanEval/113,best_deployable_cal_lite_alpha006,control_fixed64,0.15384615384615385,0.3076923076923077,-0.15384615384615385,loss,26
HumanEval/114,best_deployable_cal_lite_alpha006,control_fixed64,0.1038961038961039,0.07792207792207792,0.025974025974025983,win,77
HumanEval/115,best_deployable_cal_lite_alpha006,control_fixed64,0.08333333333333333,0.16666666666666666,-0.08333333333333333,loss,12
HumanEval/116,best_deployable_cal_lite_alpha006,control_fixed64,0.08333333333333333,0.16666666666666666,-0.08333333333333333,loss,12
HumanEval/117,best_deployable_cal_lite_alpha006,control_fixed64,0.19642857142857142,0.3392857142857143,-0.14285714285714288,loss,56
HumanEval/118,best_deployable_cal_lite_alpha006,control_fixed64,0.2127659574468085,0.1702127659574468,0.04255319148936171,win,47
HumanEval/119,best_deployable_cal_lite_alpha006,control_fixed64,0.23529411764705882,0.30392156862745096,-0.06862745098039214,loss,102
HumanEval/12,best_deployable_cal_lite_alpha006,control_fixed64,0.1875,0.4375,-0.25,loss,32
HumanEval/120,best_deployable_cal_lite_alpha006,control_fixed64,0.19230769230769232,0.038461538461538464,0.15384615384615385,win,26
HumanEval/121,best_deployable_cal_lite_alpha006,control_fixed64,0.16666666666666666,0.4166666666666667,-0.25,loss,12
HumanEval/122,best_deployable_cal_lite_alpha006,control_fixed64,0.16666666666666666,0.25,-0.08333333333333334,loss,12
HumanEval/123,best_deployable_cal_lite_alpha006,control_fixed64,0.15730337078651685,0.16853932584269662,-0.011235955056179775,loss,89
HumanEval/124,best_deployable_cal_lite_alpha006,control_fixed64,0.25190839694656486,0.4961832061068702,-0.24427480916030536,loss,131
HumanEval/125,best_deployable_cal_lite_alpha006,control_fixed64,0.21875,0.4375,-0.21875,loss,32
HumanEval/126,best_deployable_cal_lite_alpha006,control_fixed64,0.19642857142857142,0.17857142857142858,0.01785714285714285,win,56
HumanEval/127,best_deployable_cal_lite_alpha006,control_fixed64,0.33587786259541985,0.4961832061068702,-0.16030534351145037,loss,131
HumanEval/128,best_deployable_cal_lite_alpha006,control_fixed64,0.058823529411764705,0.35294117647058826,-0.29411764705882354,loss,17
HumanEval/129,best_deployable_cal_lite_alpha006,control_fixed64,0.12878787878787878,0.14393939393939395,-0.015151515151515166,loss,264
HumanEval/13,best_deployable_cal_lite_alpha006,control_fixed64,0.7058823529411765,0.5882352941176471,0.11764705882352944,win,17
HumanEval/130,best_deployable_cal_lite_alpha006,control_fixed64,0.17857142857142858,0.14285714285714285,0.035714285714285726,win,56
HumanEval/131,best_deployable_cal_lite_alpha006,control_fixed64,0.2597402597402597,0.4025974025974026,-0.1428571428571429,loss,77
HumanEval/132,best_deployable_cal_lite_alpha006,control_fixed64,0.12244897959183673,0.10884353741496598,0.01360544217687075,win,147
HumanEval/133,best_deployable_cal_lite_alpha006,control_fixed64,0.2692307692307692,0.5,-0.23076923076923078,loss,26
HumanEval/134,best_deployable_cal_lite_alpha006,control_fixed64,0.14285714285714285,0.14285714285714285,0.0,tie,14
HumanEval/136,best_deployable_cal_lite_alpha006,control_fixed64,0.23529411764705882,0.11764705882352941,0.11764705882352941,win,17
HumanEval/137,best_deployable_cal_lite_alpha006,control_fixed64,0.15384615384615385,0.19230769230769232,-0.038461538461538464,loss,26
HumanEval/138,best_deployable_cal_lite_alpha006,control_fixed64,0.3333333333333333,0.0,0.3333333333333333,win,12
HumanEval/139,best_deployable_cal_lite_alpha006,control_fixed64,0.1875,0.34375,-0.15625,loss,32
HumanEval/14,best_deployable_cal_lite_alpha006,control_fixed64,0.23809523809523808,0.19047619047619047,0.047619047619047616,win,21
HumanEval/140,best_deployable_cal_lite_alpha006,control_fixed64,0.12669683257918551,0.049773755656108594,0.07692307692307693,win,221
HumanEval/141,best_deployable_cal_lite_alpha006,control_fixed64,0.1724137931034483,0.3103448275862069,-0.13793103448275862,loss,116
HumanEval/142,best_deployable_cal_lite_alpha006,control_fixed64,0.23214285714285715,0.6071428571428571,-0.37499999999999994,loss,56
HumanEval/144,best_deployable_cal_lite_alpha006,control_fixed64,0.20512820512820512,0.3076923076923077,-0.10256410256410259,loss,39
HumanEval/145,best_deployable_cal_lite_alpha006,control_fixed64,0.10256410256410256,0.10256410256410256,0.0,tie,39
HumanEval/146,best_deployable_cal_lite_alpha006,control_fixed64,0.2127659574468085,0.44680851063829785,-0.23404255319148934,loss,47
HumanEval/147,best_deployable_cal_lite_alpha006,control_fixed64,0.2127659574468085,0.2978723404255319,-0.08510638297872339,loss,47
HumanEval/148,best_deployable_cal_lite_alpha006,control_fixed64,0.16071428571428573,0.3392857142857143,-0.17857142857142858,loss,56
HumanEval/15,best_deployable_cal_lite_alpha006,control_fixed64,0.5,0.5,0.0,tie,12
HumanEval/150,best_deployable_cal_lite_alpha006,control_fixed64,0.3829787234042553,0.44680851063829785,-0.06382978723404253,loss,47
HumanEval/151,best_deployable_cal_lite_alpha006,control_fixed64,0.08333333333333333,0.3333333333333333,-0.25,loss,12
HumanEval/152,best_deployable_cal_lite_alpha006,control_fixed64,0.3333333333333333,0.6666666666666666,-0.3333333333333333,loss,12
HumanEval/154,best_deployable_cal_lite_alpha006,control_fixed64,0.2564102564102564,0.2564102564102564,0.0,tie,39
HumanEval/155,best_deployable_cal_lite_alpha006,control_fixed64,0.23404255319148937,0.19148936170212766,0.04255319148936171,win,47
HumanEval/156,best_deployable_cal_lite_alpha006,control_fixed64,0.12931034482758622,0.25,-0.12068965517241378,loss,116
HumanEval/157,best_deployable_cal_lite_alpha006,control_fixed64,0.5,0.4166666666666667,0.08333333333333331,win,12
HumanEval/158,best_deployable_cal_lite_alpha006,control_fixed64,0.08333333333333333,0.16666666666666666,-0.08333333333333333,loss,12
HumanEval/159,best_deployable_cal_lite_alpha006,control_fixed64,0.23809523809523808,0.42857142857142855,-0.19047619047619047,loss,21
HumanEval/16,best_deployable_cal_lite_alpha006,control_fixed64,0.25,0.16666666666666666,0.08333333333333334,win,12
HumanEval/160,best_deployable_cal_lite_alpha006,control_fixed64,0.09523809523809523,0.19047619047619047,-0.09523809523809523,loss,21
HumanEval/161,best_deployable_cal_lite_alpha006,control_fixed64,0.1810344827586207,0.09482758620689655,0.08620689655172414,win,116
HumanEval/162,best_deployable_cal_lite_alpha006,control_fixed64,0.21428571428571427,0.42857142857142855,-0.21428571428571427,loss,14
HumanEval/163,best_deployable_cal_lite_alpha006,control_fixed64,0.23529411764705882,0.17647058823529413,0.05882352941176469,win,17
HumanEval/17,best_deployable_cal_lite_alpha006,control_fixed64,0.2857142857142857,0.35714285714285715,-0.07142857142857145,loss,14
HumanEval/18,best_deployable_cal_lite_alpha006,control_fixed64,0.2692307692307692,0.4230769230769231,-0.15384615384615385,loss,26
HumanEval/19,best_deployable_cal_lite_alpha006,control_fixed64,0.3431372549019608,0.7058823529411765,-0.36274509803921573,loss,102
HumanEval/2,best_deployable_cal_lite_alpha006,control_fixed64,0.25,0.0,0.25,win,12
HumanEval/20,best_deployable_cal_lite_alpha006,control_fixed64,0.22413793103448276,0.3017241379310345,-0.07758620689655171,loss,116
HumanEval/21,best_deployable_cal_lite_alpha006,control_fixed64,0.23529411764705882,0.47058823529411764,-0.23529411764705882,loss,17
HumanEval/22,best_deployable_cal_lite_alpha006,control_fixed64,0.25,0.3333333333333333,-0.08333333333333331,loss,12
HumanEval/23,best_deployable_cal_lite_alpha006,control_fixed64,0.08333333333333333,0.3333333333333333,-0.25,loss,12
HumanEval/24,best_deployable_cal_lite_alpha006,control_fixed64,0.23529411764705882,0.29411764705882354,-0.05882352941176472,loss,17
HumanEval/25,best_deployable_cal_lite_alpha006,control_fixed64,0.21348314606741572,0.30337078651685395,-0.08988764044943823,loss,89
HumanEval/26,best_deployable_cal_lite_alpha006,control_fixed64,0.29411764705882354,0.29411764705882354,0.0,tie,17
HumanEval/28,best_deployable_cal_lite_alpha006,control_fixed64,0.4166666666666667,0.4166666666666667,0.0,tie,12
HumanEval/29,best_deployable_cal_lite_alpha006,control_fixed64,0.16666666666666666,0.4166666666666667,-0.25,loss,12
HumanEval/3,best_deployable_cal_lite_alpha006,control_fixed64,0.375,0.3125,0.0625,win,32
HumanEval/30,best_deployable_cal_lite_alpha006,control_fixed64,0.4166666666666667,0.3333333333333333,0.08333333333333337,win,12
HumanEval/32,best_deployable_cal_lite_alpha006,control_fixed64,0.11688311688311688,0.012987012987012988,0.10389610389610389,win,77
HumanEval/33,best_deployable_cal_lite_alpha006,control_fixed64,0.29411764705882354,0.17647058823529413,0.11764705882352941,win,17
HumanEval/34,best_deployable_cal_lite_alpha006,control_fixed64,0.25,0.4166666666666667,-0.16666666666666669,loss,12
HumanEval/36,best_deployable_cal_lite_alpha006,control_fixed64,0.2857142857142857,0.42857142857142855,-0.14285714285714285,loss,56
HumanEval/37,best_deployable_cal_lite_alpha006,control_fixed64,0.10714285714285714,0.0,0.10714285714285714,win,56
HumanEval/38,best_deployable_cal_lite_alpha006,control_fixed64,0.08333333333333333,0.0,0.08333333333333333,win,12
HumanEval/39,best_deployable_cal_lite_alpha006,control_fixed64,0.16030534351145037,0.2900763358778626,-0.1297709923664122,loss,131
HumanEval/4,best_deployable_cal_lite_alpha006,control_fixed64,0.35714285714285715,0.5714285714285714,-0.21428571428571425,loss,14
HumanEval/40,best_deployable_cal_lite_alpha006,control_fixed64,0.25,0.3125,-0.0625,loss,32
HumanEval/41,best_deployable_cal_lite_alpha006,control_fixed64,0.0,0.08333333333333333,-0.08333333333333333,loss,12
HumanEval/42,best_deployable_cal_lite_alpha006,control_fixed64,0.08333333333333333,0.5833333333333334,-0.5,loss,12
HumanEval/43,best_deployable_cal_lite_alpha006,control_fixed64,0.2692307692307692,0.5384615384615384,-0.2692307692307692,loss,26
HumanEval/44,best_deployable_cal_lite_alpha006,control_fixed64,0.3076923076923077,0.5,-0.1923076923076923,loss,26
HumanEval/45,best_deployable_cal_lite_alpha006,control_fixed64,0.5833333333333334,0.6666666666666666,-0.08333333333333326,loss,12
HumanEval/46,best_deployable_cal_lite_alpha006,control_fixed64,0.2564102564102564,0.46153846153846156,-0.20512820512820518,loss,39
HumanEval/47,best_deployable_cal_lite_alpha006,control_fixed64,0.38461538461538464,0.5,-0.11538461538461536,loss,26
HumanEval/48,best_deployable_cal_lite_alpha006,control_fixed64,0.2857142857142857,0.47619047619047616,-0.19047619047619047,loss,21
HumanEval/49,best_deployable_cal_lite_alpha006,control_fixed64,0.38095238095238093,0.38095238095238093,0.0,tie,21
HumanEval/5,best_deployable_cal_lite_alpha006,control_fixed64,0.2553191489361702,0.19148936170212766,0.06382978723404253,win,47
HumanEval/51,best_deployable_cal_lite_alpha006,control_fixed64,0.25,0.5,-0.25,loss,12
HumanEval/52,best_deployable_cal_lite_alpha006,control_fixed64,0.2857142857142857,0.2857142857142857,0.0,tie,21
HumanEval/53,best_deployable_cal_lite_alpha006,control_fixed64,0.5833333333333334,0.75,-0.16666666666666663,loss,12
HumanEval/54,best_deployable_cal_lite_alpha006,control_fixed64,0.08333333333333333,0.25,-0.16666666666666669,loss,12
HumanEval/55,best_deployable_cal_lite_alpha006,control_fixed64,0.46153846153846156,0.5384615384615384,-0.07692307692307687,loss,26
HumanEval/56,best_deployable_cal_lite_alpha006,control_fixed64,0.375,0.39285714285714285,-0.01785714285714285,loss,56
HumanEval/57,best_deployable_cal_lite_alpha006,control_fixed64,0.17647058823529413,0.11764705882352941,0.05882352941176472,win,17
HumanEval/58,best_deployable_cal_lite_alpha006,control_fixed64,0.46875,0.5,-0.03125,loss,32
HumanEval/59,best_deployable_cal_lite_alpha006,control_fixed64,0.2696629213483146,0.3707865168539326,-0.101123595505618,loss,89
HumanEval/6,best_deployable_cal_lite_alpha006,control_fixed64,0.2597402597402597,0.5974025974025974,-0.33766233766233766,loss,77
HumanEval/60,best_deployable_cal_lite_alpha006,control_fixed64,0.16666666666666666,0.16666666666666666,0.0,tie,12
HumanEval/61,best_deployable_cal_lite_alpha006,control_fixed64,0.375,0.5535714285714286,-0.1785714285714286,loss,56
HumanEval/62,best_deployable_cal_lite_alpha006,control_fixed64,0.25,0.16666666666666666,0.08333333333333334,win,12
HumanEval/63,best_deployable_cal_lite_alpha006,control_fixed64,0.4358974358974359,0.5384615384615384,-0.10256410256410253,loss,39
HumanEval/64,best_deployable_cal_lite_alpha006,control_fixed64,0.11538461538461539,0.15384615384615385,-0.038461538461538464,loss,26
HumanEval/65,best_deployable_cal_lite_alpha006,control_fixed64,0.4230769230769231,0.23076923076923078,0.1923076923076923,win,26
HumanEval/67,best_deployable_cal_lite_alpha006,control_fixed64,0.19230769230769232,0.2692307692307692,-0.0769230769230769,loss,26
HumanEval/68,best_deployable_cal_lite_alpha006,control_fixed64,0.3333333333333333,0.42857142857142855,-0.09523809523809523,loss,21
HumanEval/7,best_deployable_cal_lite_alpha006,control_fixed64,0.16666666666666666,0.3333333333333333,-0.16666666666666666,loss,12
HumanEval/70,best_deployable_cal_lite_alpha006,control_fixed64,0.125,0.1875,-0.0625,loss,32
HumanEval/71,best_deployable_cal_lite_alpha006,control_fixed64,0.1875,0.46875,-0.28125,loss,32
HumanEval/72,best_deployable_cal_lite_alpha006,control_fixed64,0.26785714285714285,0.5892857142857143,-0.32142857142857145,loss,56
HumanEval/73,best_deployable_cal_lite_alpha006,control_fixed64,0.23076923076923078,0.23076923076923078,0.0,tie,26
HumanEval/74,best_deployable_cal_lite_alpha006,control_fixed64,0.3181818181818182,0.3333333333333333,-0.015151515151515138,loss,66
HumanEval/75,best_deployable_cal_lite_alpha006,control_fixed64,0.14705882352941177,0.2549019607843137,-0.10784313725490194,loss,102
HumanEval/77,best_deployable_cal_lite_alpha006,control_fixed64,0.21428571428571427,0.0,0.21428571428571427,win,14
HumanEval/79,best_deployable_cal_lite_alpha006,control_fixed64,0.16666666666666666,0.08333333333333333,0.08333333333333333,win,12
HumanEval/8,best_deployable_cal_lite_alpha006,control_fixed64,0.4375,0.625,-0.1875,loss,32
HumanEval/80,best_deployable_cal_lite_alpha006,control_fixed64,0.1875,0.21875,-0.03125,loss,32
HumanEval/82,best_deployable_cal_lite_alpha006,control_fixed64,0.38461538461538464,0.5128205128205128,-0.12820512820512814,loss,39
HumanEval/83,best_deployable_cal_lite_alpha006,control_fixed64,0.0,0.0,0.0,tie,14
HumanEval/85,best_deployable_cal_lite_alpha006,control_fixed64,0.0,0.25,-0.25,loss,12
HumanEval/86,best_deployable_cal_lite_alpha006,control_fixed64,0.08333333333333333,0.5,-0.4166666666666667,loss,12
HumanEval/87,best_deployable_cal_lite_alpha006,control_fixed64,0.07142857142857142,0.07142857142857142,0.0,tie,14
HumanEval/88,best_deployable_cal_lite_alpha006,control_fixed64,0.08333333333333333,0.0,0.08333333333333333,win,12
HumanEval/89,best_deployable_cal_lite_alpha006,control_fixed64,0.1702127659574468,0.3404255319148936,-0.1702127659574468,loss,47
HumanEval/9,best_deployable_cal_lite_alpha006,control_fixed64,0.3392857142857143,0.2857142857142857,0.0535714285714286,win,56
HumanEval/90,best_deployable_cal_lite_alpha006,control_fixed64,0.21428571428571427,0.2857142857142857,-0.07142857142857142,loss,14
HumanEval/92,best_deployable_cal_lite_alpha006,control_fixed64,0.23076923076923078,0.38461538461538464,-0.15384615384615385,loss,26
HumanEval/93,best_deployable_cal_lite_alpha006,control_fixed64,0.0,0.0,0.0,tie,21
HumanEval/94,best_deployable_cal_lite_alpha006,control_fixed64,0.18627450980392157,0.5392156862745098,-0.3529411764705882,loss,102
HumanEval/95,best_deployable_cal_lite_alpha006,control_fixed64,0.1652892561983471,0.28512396694214875,-0.11983471074380164,loss,242
HumanEval/96,best_deployable_cal_lite_alpha006,control_fixed64,0.3333333333333333,0.2878787878787879,0.045454545454545414,win,66
HumanEval/97,best_deployable_cal_lite_alpha006,control_fixed64,0.25,0.4166666666666667,-0.16666666666666669,loss,12
HumanEval/99,best_deployable_cal_lite_alpha006,control_fixed64,0.1564625850340136,0.19047619047619047,-0.03401360544217685,loss,147
HumanEval/0,oracle_sufficient_canvas,control_fixed64,0.5641025641025641,0.3076923076923077,0.2564102564102564,win,39
HumanEval/1,oracle_sufficient_canvas,control_fixed64,0.5603448275862069,0.14655172413793102,0.4137931034482758,win,116
HumanEval/10,oracle_sufficient_canvas,control_fixed64,0.4375,0.15625,0.28125,win,32
HumanEval/100,oracle_sufficient_canvas,control_fixed64,0.08333333333333333,0.08333333333333333,0.0,tie,12
HumanEval/101,oracle_sufficient_canvas,control_fixed64,0.48484848484848486,0.24242424242424243,0.24242424242424243,win,66
HumanEval/102,oracle_sufficient_canvas,control_fixed64,0.2564102564102564,0.0,0.2564102564102564,win,39
HumanEval/103,oracle_sufficient_canvas,control_fixed64,0.5625,0.3125,0.25,win,32
HumanEval/104,oracle_sufficient_canvas,control_fixed64,0.3076923076923077,0.3076923076923077,0.0,tie,26
HumanEval/105,oracle_sufficient_canvas,control_fixed64,0.8109452736318408,0.4079601990049751,0.40298507462686567,win,201
HumanEval/106,oracle_sufficient_canvas,control_fixed64,0.7402597402597403,0.5194805194805194,0.22077922077922085,win,77
HumanEval/107,oracle_sufficient_canvas,control_fixed64,0.696969696969697,0.3939393939393939,0.3030303030303031,win,66
HumanEval/108,oracle_sufficient_canvas,control_fixed64,0.28205128205128205,0.15384615384615385,0.1282051282051282,win,39
HumanEval/109,oracle_sufficient_canvas,control_fixed64,0.33766233766233766,0.23376623376623376,0.1038961038961039,win,77
HumanEval/11,oracle_sufficient_canvas,control_fixed64,0.59375,0.53125,0.0625,win,32
HumanEval/110,oracle_sufficient_canvas,control_fixed64,0.5324675324675324,0.2727272727272727,0.2597402597402597,win,77
HumanEval/111,oracle_sufficient_canvas,control_fixed64,0.3246753246753247,0.23376623376623376,0.09090909090909091,win,77
HumanEval/112,oracle_sufficient_canvas,control_fixed64,0.5,0.5,0.0,tie,14
HumanEval/113,oracle_sufficient_canvas,control_fixed64,0.23076923076923078,0.3076923076923077,-0.07692307692307693,loss,26
HumanEval/114,oracle_sufficient_canvas,control_fixed64,0.2077922077922078,0.07792207792207792,0.12987012987012989,win,77
HumanEval/115,oracle_sufficient_canvas,control_fixed64,0.08333333333333333,0.16666666666666666,-0.08333333333333333,loss,12
HumanEval/116,oracle_sufficient_canvas,control_fixed64,0.16666666666666666,0.16666666666666666,0.0,tie,12
HumanEval/117,oracle_sufficient_canvas,control_fixed64,0.4642857142857143,0.3392857142857143,0.125,win,56
HumanEval/118,oracle_sufficient_canvas,control_fixed64,0.23404255319148937,0.1702127659574468,0.06382978723404256,win,47
HumanEval/119,oracle_sufficient_canvas,control_fixed64,0.6274509803921569,0.30392156862745096,0.3235294117647059,win,102
HumanEval/12,oracle_sufficient_canvas,control_fixed64,0.625,0.4375,0.1875,win,32
HumanEval/120,oracle_sufficient_canvas,control_fixed64,0.23076923076923078,0.038461538461538464,0.19230769230769232,win,26
HumanEval/121,oracle_sufficient_canvas,control_fixed64,0.25,0.4166666666666667,-0.16666666666666669,loss,12
HumanEval/122,oracle_sufficient_canvas,control_fixed64,0.16666666666666666,0.25,-0.08333333333333334,loss,12
HumanEval/123,oracle_sufficient_canvas,control_fixed64,0.5280898876404494,0.16853932584269662,0.3595505617977528,win,89
HumanEval/124,oracle_sufficient_canvas,control_fixed64,0.7099236641221374,0.4961832061068702,0.21374045801526714,win,131
HumanEval/125,oracle_sufficient_canvas,control_fixed64,0.59375,0.4375,0.15625,win,32
HumanEval/126,oracle_sufficient_canvas,control_fixed64,0.2857142857142857,0.17857142857142858,0.10714285714285712,win,56
HumanEval/127,oracle_sufficient_canvas,control_fixed64,0.5343511450381679,0.4961832061068702,0.03816793893129772,win,131
HumanEval/128,oracle_sufficient_canvas,control_fixed64,0.17647058823529413,0.35294117647058826,-0.17647058823529413,loss,17
HumanEval/129,oracle_sufficient_canvas,control_fixed64,0.3522727272727273,0.14393939393939395,0.20833333333333334,win,264
HumanEval/13,oracle_sufficient_canvas,control_fixed64,0.7058823529411765,0.5882352941176471,0.11764705882352944,win,17
HumanEval/130,oracle_sufficient_canvas,control_fixed64,0.5357142857142857,0.14285714285714285,0.39285714285714285,win,56
HumanEval/131,oracle_sufficient_canvas,control_fixed64,0.6233766233766234,0.4025974025974026,0.22077922077922074,win,77
HumanEval/132,oracle_sufficient_canvas,control_fixed64,0.30612244897959184,0.10884353741496598,0.19727891156462585,win,147
HumanEval/133,oracle_sufficient_canvas,control_fixed64,0.6538461538461539,0.5,0.15384615384615385,win,26
HumanEval/134,oracle_sufficient_canvas,control_fixed64,0.42857142857142855,0.14285714285714285,0.2857142857142857,win,14
HumanEval/136,oracle_sufficient_canvas,control_fixed64,0.23529411764705882,0.11764705882352941,0.11764705882352941,win,17
HumanEval/137,oracle_sufficient_canvas,control_fixed64,0.34615384615384615,0.19230769230769232,0.15384615384615383,win,26
HumanEval/138,oracle_sufficient_canvas,control_fixed64,0.3333333333333333,0.0,0.3333333333333333,win,12
HumanEval/139,oracle_sufficient_canvas,control_fixed64,0.59375,0.34375,0.25,win,32
HumanEval/14,oracle_sufficient_canvas,control_fixed64,0.38095238095238093,0.19047619047619047,0.19047619047619047,win,21
HumanEval/140,oracle_sufficient_canvas,control_fixed64,0.2850678733031674,0.049773755656108594,0.23529411764705882,win,221
HumanEval/141,oracle_sufficient_canvas,control_fixed64,0.5689655172413793,0.3103448275862069,0.25862068965517243,win,116
HumanEval/142,oracle_sufficient_canvas,control_fixed64,0.8214285714285714,0.6071428571428571,0.2142857142857143,win,56
HumanEval/144,oracle_sufficient_canvas,control_fixed64,0.4358974358974359,0.3076923076923077,0.1282051282051282,win,39
HumanEval/145,oracle_sufficient_canvas,control_fixed64,0.28205128205128205,0.10256410256410256,0.1794871794871795,win,39
HumanEval/146,oracle_sufficient_canvas,control_fixed64,0.5106382978723404,0.44680851063829785,0.06382978723404253,win,47
HumanEval/147,oracle_sufficient_canvas,control_fixed64,0.574468085106383,0.2978723404255319,0.27659574468085113,win,47
HumanEval/148,oracle_sufficient_canvas,control_fixed64,0.5892857142857143,0.3392857142857143,0.25,win,56
HumanEval/15,oracle_sufficient_canvas,control_fixed64,0.4166666666666667,0.5,-0.08333333333333331,loss,12
HumanEval/150,oracle_sufficient_canvas,control_fixed64,0.5319148936170213,0.44680851063829785,0.08510638297872342,win,47
HumanEval/151,oracle_sufficient_canvas,control_fixed64,0.25,0.3333333333333333,-0.08333333333333331,loss,12
HumanEval/152,oracle_sufficient_canvas,control_fixed64,0.25,0.6666666666666666,-0.41666666666666663,loss,12
HumanEval/154,oracle_sufficient_canvas,control_fixed64,0.358974358974359,0.2564102564102564,0.10256410256410259,win,39
HumanEval/155,oracle_sufficient_canvas,control_fixed64,0.3829787234042553,0.19148936170212766,0.19148936170212766,win,47
HumanEval/156,oracle_sufficient_canvas,control_fixed64,0.4396551724137931,0.25,0.1896551724137931,win,116
HumanEval/157,oracle_sufficient_canvas,control_fixed64,0.5,0.4166666666666667,0.08333333333333331,win,12
HumanEval/158,oracle_sufficient_canvas,control_fixed64,0.08333333333333333,0.16666666666666666,-0.08333333333333333,loss,12
HumanEval/159,oracle_sufficient_canvas,control_fixed64,0.42857142857142855,0.42857142857142855,0.0,tie,21
HumanEval/16,oracle_sufficient_canvas,control_fixed64,0.08333333333333333,0.16666666666666666,-0.08333333333333333,loss,12
HumanEval/160,oracle_sufficient_canvas,control_fixed64,0.42857142857142855,0.19047619047619047,0.23809523809523808,win,21
HumanEval/161,oracle_sufficient_canvas,control_fixed64,0.45689655172413796,0.09482758620689655,0.36206896551724144,win,116
HumanEval/162,oracle_sufficient_canvas,control_fixed64,0.35714285714285715,0.42857142857142855,-0.0714285714285714,loss,14
HumanEval/163,oracle_sufficient_canvas,control_fixed64,0.17647058823529413,0.17647058823529413,0.0,tie,17
HumanEval/17,oracle_sufficient_canvas,control_fixed64,0.35714285714285715,0.35714285714285715,0.0,tie,14
HumanEval/18,oracle_sufficient_canvas,control_fixed64,0.5769230769230769,0.4230769230769231,0.1538461538461538,win,26
HumanEval/19,oracle_sufficient_canvas,control_fixed64,0.7941176470588235,0.7058823529411765,0.08823529411764697,win,102
HumanEval/2,oracle_sufficient_canvas,control_fixed64,0.3333333333333333,0.0,0.3333333333333333,win,12
HumanEval/20,oracle_sufficient_canvas,control_fixed64,0.5431034482758621,0.3017241379310345,0.24137931034482762,win,116
HumanEval/21,oracle_sufficient_canvas,control_fixed64,0.47058823529411764,0.47058823529411764,0.0,tie,17
HumanEval/22,oracle_sufficient_canvas,control_fixed64,0.3333333333333333,0.3333333333333333,0.0,tie,12
HumanEval/23,oracle_sufficient_canvas,control_fixed64,0.16666666666666666,0.3333333333333333,-0.16666666666666666,loss,12
HumanEval/24,oracle_sufficient_canvas,control_fixed64,0.23529411764705882,0.29411764705882354,-0.05882352941176472,loss,17
HumanEval/25,oracle_sufficient_canvas,control_fixed64,0.5842696629213483,0.30337078651685395,0.28089887640449435,win,89
HumanEval/26,oracle_sufficient_canvas,control_fixed64,0.35294117647058826,0.29411764705882354,0.05882352941176472,win,17
HumanEval/28,oracle_sufficient_canvas,control_fixed64,0.16666666666666666,0.4166666666666667,-0.25,loss,12
HumanEval/29,oracle_sufficient_canvas,control_fixed64,0.16666666666666666,0.4166666666666667,-0.25,loss,12
HumanEval/3,oracle_sufficient_canvas,control_fixed64,0.625,0.3125,0.3125,win,32
HumanEval/30,oracle_sufficient_canvas,control_fixed64,0.5,0.3333333333333333,0.16666666666666669,win,12
HumanEval/32,oracle_sufficient_canvas,control_fixed64,0.2597402597402597,0.012987012987012988,0.24675324675324672,win,77
HumanEval/33,oracle_sufficient_canvas,control_fixed64,0.4117647058823529,0.17647058823529413,0.2352941176470588,win,17
HumanEval/34,oracle_sufficient_canvas,control_fixed64,0.3333333333333333,0.4166666666666667,-0.08333333333333337,loss,12
HumanEval/36,oracle_sufficient_canvas,control_fixed64,0.5892857142857143,0.42857142857142855,0.16071428571428575,win,56
HumanEval/37,oracle_sufficient_canvas,control_fixed64,0.21428571428571427,0.0,0.21428571428571427,win,56
HumanEval/38,oracle_sufficient_canvas,control_fixed64,0.08333333333333333,0.0,0.08333333333333333,win,12
HumanEval/39,oracle_sufficient_canvas,control_fixed64,0.5648854961832062,0.2900763358778626,0.2748091603053436,win,131
HumanEval/4,oracle_sufficient_canvas,control_fixed64,0.35714285714285715,0.5714285714285714,-0.21428571428571425,loss,14
HumanEval/40,oracle_sufficient_canvas,control_fixed64,0.75,0.3125,0.4375,win,32
HumanEval/41,oracle_sufficient_canvas,control_fixed64,0.25,0.08333333333333333,0.16666666666666669,win,12
HumanEval/42,oracle_sufficient_canvas,control_fixed64,0.25,0.5833333333333334,-0.33333333333333337,loss,12
HumanEval/43,oracle_sufficient_canvas,control_fixed64,0.5769230769230769,0.5384615384615384,0.038461538461538436,win,26
HumanEval/44,oracle_sufficient_canvas,control_fixed64,0.6153846153846154,0.5,0.11538461538461542,win,26
HumanEval/45,oracle_sufficient_canvas,control_fixed64,0.6666666666666666,0.6666666666666666,0.0,tie,12
HumanEval/46,oracle_sufficient_canvas,control_fixed64,0.5641025641025641,0.46153846153846156,0.10256410256410253,win,39
HumanEval/47,oracle_sufficient_canvas,control_fixed64,0.7307692307692307,0.5,0.23076923076923073,win,26
HumanEval/48,oracle_sufficient_canvas,control_fixed64,0.6190476190476191,0.47619047619047616,0.1428571428571429,win,21
HumanEval/49,oracle_sufficient_canvas,control_fixed64,0.5238095238095238,0.38095238095238093,0.1428571428571429,win,21
HumanEval/5,oracle_sufficient_canvas,control_fixed64,0.5106382978723404,0.19148936170212766,0.3191489361702127,win,47
HumanEval/51,oracle_sufficient_canvas,control_fixed64,0.3333333333333333,0.5,-0.16666666666666669,loss,12
HumanEval/52,oracle_sufficient_canvas,control_fixed64,0.19047619047619047,0.2857142857142857,-0.09523809523809523,loss,21
HumanEval/53,oracle_sufficient_canvas,control_fixed64,0.3333333333333333,0.75,-0.4166666666666667,loss,12
HumanEval/54,oracle_sufficient_canvas,control_fixed64,0.16666666666666666,0.25,-0.08333333333333334,loss,12
HumanEval/55,oracle_sufficient_canvas,control_fixed64,0.4230769230769231,0.5384615384615384,-0.11538461538461536,loss,26
HumanEval/56,oracle_sufficient_canvas,control_fixed64,0.5714285714285714,0.39285714285714285,0.17857142857142855,win,56
HumanEval/57,oracle_sufficient_canvas,control_fixed64,0.23529411764705882,0.11764705882352941,0.11764705882352941,win,17
HumanEval/58,oracle_sufficient_canvas,control_fixed64,0.6875,0.5,0.1875,win,32
HumanEval/59,oracle_sufficient_canvas,control_fixed64,0.42696629213483145,0.3707865168539326,0.05617977528089885,win,89
HumanEval/6,oracle_sufficient_canvas,control_fixed64,0.6493506493506493,0.5974025974025974,0.051948051948051965,win,77
HumanEval/60,oracle_sufficient_canvas,control_fixed64,0.25,0.16666666666666666,0.08333333333333334,win,12
HumanEval/61,oracle_sufficient_canvas,control_fixed64,0.5892857142857143,0.5535714285714286,0.0357142857142857,win,56
HumanEval/62,oracle_sufficient_canvas,control_fixed64,0.3333333333333333,0.16666666666666666,0.16666666666666666,win,12
HumanEval/63,oracle_sufficient_canvas,control_fixed64,0.7692307692307693,0.5384615384615384,0.23076923076923084,win,39
HumanEval/64,oracle_sufficient_canvas,control_fixed64,0.23076923076923078,0.15384615384615385,0.07692307692307693,win,26
HumanEval/65,oracle_sufficient_canvas,control_fixed64,0.5,0.23076923076923078,0.2692307692307692,win,26
HumanEval/67,oracle_sufficient_canvas,control_fixed64,0.34615384615384615,0.2692307692307692,0.07692307692307693,win,26
HumanEval/68,oracle_sufficient_canvas,control_fixed64,0.38095238095238093,0.42857142857142855,-0.047619047619047616,loss,21
HumanEval/7,oracle_sufficient_canvas,control_fixed64,0.16666666666666666,0.3333333333333333,-0.16666666666666666,loss,12
HumanEval/70,oracle_sufficient_canvas,control_fixed64,0.28125,0.1875,0.09375,win,32
HumanEval/71,oracle_sufficient_canvas,control_fixed64,0.625,0.46875,0.15625,win,32
HumanEval/72,oracle_sufficient_canvas,control_fixed64,0.5892857142857143,0.5892857142857143,0.0,tie,56
HumanEval/73,oracle_sufficient_canvas,control_fixed64,0.6538461538461539,0.23076923076923078,0.4230769230769231,win,26
HumanEval/74,oracle_sufficient_canvas,control_fixed64,0.4696969696969697,0.3333333333333333,0.1363636363636364,win,66
HumanEval/75,oracle_sufficient_canvas,control_fixed64,0.5294117647058824,0.2549019607843137,0.27450980392156865,win,102
HumanEval/77,oracle_sufficient_canvas,control_fixed64,0.07142857142857142,0.0,0.07142857142857142,win,14
HumanEval/79,oracle_sufficient_canvas,control_fixed64,0.4166666666666667,0.08333333333333333,0.33333333333333337,win,12
HumanEval/8,oracle_sufficient_canvas,control_fixed64,0.5625,0.625,-0.0625,loss,32
HumanEval/80,oracle_sufficient_canvas,control_fixed64,0.53125,0.21875,0.3125,win,32
HumanEval/82,oracle_sufficient_canvas,control_fixed64,0.5128205128205128,0.5128205128205128,0.0,tie,39
HumanEval/83,oracle_sufficient_canvas,control_fixed64,0.07142857142857142,0.0,0.07142857142857142,win,14
HumanEval/85,oracle_sufficient_canvas,control_fixed64,0.5,0.25,0.25,win,12
HumanEval/86,oracle_sufficient_canvas,control_fixed64,0.08333333333333333,0.5,-0.4166666666666667,loss,12
HumanEval/87,oracle_sufficient_canvas,control_fixed64,0.07142857142857142,0.07142857142857142,0.0,tie,14
HumanEval/88,oracle_sufficient_canvas,control_fixed64,0.25,0.0,0.25,win,12
HumanEval/89,oracle_sufficient_canvas,control_fixed64,0.5957446808510638,0.3404255319148936,0.2553191489361702,win,47
HumanEval/9,oracle_sufficient_canvas,control_fixed64,0.7321428571428571,0.2857142857142857,0.4464285714285714,win,56
HumanEval/90,oracle_sufficient_canvas,control_fixed64,0.14285714285714285,0.2857142857142857,-0.14285714285714285,loss,14
HumanEval/92,oracle_sufficient_canvas,control_fixed64,0.4230769230769231,0.38461538461538464,0.038461538461538436,win,26
HumanEval/93,oracle_sufficient_canvas,control_fixed64,0.14285714285714285,0.0,0.14285714285714285,win,21
HumanEval/94,oracle_sufficient_canvas,control_fixed64,0.6568627450980392,0.5392156862745098,0.11764705882352944,win,102
HumanEval/95,oracle_sufficient_canvas,control_fixed64,0.30991735537190085,0.28512396694214875,0.024793388429752095,win,242
HumanEval/96,oracle_sufficient_canvas,control_fixed64,0.7272727272727273,0.2878787878787879,0.4393939393939394,win,66
HumanEval/97,oracle_sufficient_canvas,control_fixed64,0.4166666666666667,0.4166666666666667,0.0,tie,12
HumanEval/99,oracle_sufficient_canvas,control_fixed64,0.2585034013605442,0.19047619047619047,0.06802721088435376,win,147
HumanEval/0,oracle_sufficient_canvas,best_deployable_cal_lite_alpha006,0.5641025641025641,0.28205128205128205,0.28205128205128205,win,39
HumanEval/1,oracle_sufficient_canvas,best_deployable_cal_lite_alpha006,0.5603448275862069,0.16379310344827586,0.396551724137931,win,116
HumanEval/10,oracle_sufficient_canvas,best_deployable_cal_lite_alpha006,0.4375,0.25,0.1875,win,32
HumanEval/100,oracle_sufficient_canvas,best_deployable_cal_lite_alpha006,0.08333333333333333,0.0,0.08333333333333333,win,12
HumanEval/101,oracle_sufficient_canvas,best_deployable_cal_lite_alpha006,0.48484848484848486,0.2727272727272727,0.21212121212121215,win,66
HumanEval/102,oracle_sufficient_canvas,best_deployable_cal_lite_alpha006,0.2564102564102564,0.15384615384615385,0.10256410256410253,win,39
HumanEval/103,oracle_sufficient_canvas,best_deployable_cal_lite_alpha006,0.5625,0.34375,0.21875,win,32
HumanEval/104,oracle_sufficient_canvas,best_deployable_cal_lite_alpha006,0.3076923076923077,0.23076923076923078,0.07692307692307693,win,26
HumanEval/105,oracle_sufficient_canvas,best_deployable_cal_lite_alpha006,0.8109452736318408,0.24875621890547264,0.5621890547263682,win,201
HumanEval/106,oracle_sufficient_canvas,best_deployable_cal_lite_alpha006,0.7402597402597403,0.22077922077922077,0.5194805194805195,win,77
HumanEval/107,oracle_sufficient_canvas,best_deployable_cal_lite_alpha006,0.696969696969697,0.13636363636363635,0.5606060606060607,win,66
HumanEval/108,oracle_sufficient_canvas,best_deployable_cal_lite_alpha006,0.28205128205128205,0.1282051282051282,0.15384615384615385,win,39
HumanEval/109,oracle_sufficient_canvas,best_deployable_cal_lite_alpha006,0.33766233766233766,0.22077922077922077,0.1168831168831169,win,77
HumanEval/11,oracle_sufficient_canvas,best_deployable_cal_lite_alpha006,0.59375,0.34375,0.25,win,32
HumanEval/110,oracle_sufficient_canvas,best_deployable_cal_lite_alpha006,0.5324675324675324,0.2987012987012987,0.23376623376623373,win,77
HumanEval/111,oracle_sufficient_canvas,best_deployable_cal_lite_alpha006,0.3246753246753247,0.18181818181818182,0.14285714285714285,win,77
HumanEval/112,oracle_sufficient_canvas,best_deployable_cal_lite_alpha006,0.5,0.21428571428571427,0.2857142857142857,win,14
HumanEval/113,oracle_sufficient_canvas,best_deployable_cal_lite_alpha006,0.23076923076923078,0.15384615384615385,0.07692307692307693,win,26
HumanEval/114,oracle_sufficient_canvas,best_deployable_cal_lite_alpha006,0.2077922077922078,0.1038961038961039,0.1038961038961039,win,77
HumanEval/115,oracle_sufficient_canvas,best_deployable_cal_lite_alpha006,0.08333333333333333,0.08333333333333333,0.0,tie,12
HumanEval/116,oracle_sufficient_canvas,best_deployable_cal_lite_alpha006,0.16666666666666666,0.08333333333333333,0.08333333333333333,win,12
HumanEval/117,oracle_sufficient_canvas,best_deployable_cal_lite_alpha006,0.4642857142857143,0.19642857142857142,0.2678571428571429,win,56
HumanEval/118,oracle_sufficient_canvas,best_deployable_cal_lite_alpha006,0.23404255319148937,0.2127659574468085,0.021276595744680854,win,47
HumanEval/119,oracle_sufficient_canvas,best_deployable_cal_lite_alpha006,0.6274509803921569,0.23529411764705882,0.39215686274509803,win,102
HumanEval/12,oracle_sufficient_canvas,best_deployable_cal_lite_alpha006,0.625,0.1875,0.4375,win,32
HumanEval/120,oracle_sufficient_canvas,best_deployable_cal_lite_alpha006,0.23076923076923078,0.19230769230769232,0.038461538461538464,win,26
HumanEval/121,oracle_sufficient_canvas,best_deployable_cal_lite_alpha006,0.25,0.16666666666666666,0.08333333333333334,win,12
HumanEval/122,oracle_sufficient_canvas,best_deployable_cal_lite_alpha006,0.16666666666666666,0.16666666666666666,0.0,tie,12
HumanEval/123,oracle_sufficient_canvas,best_deployable_cal_lite_alpha006,0.5280898876404494,0.15730337078651685,0.37078651685393255,win,89
HumanEval/124,oracle_sufficient_canvas,best_deployable_cal_lite_alpha006,0.7099236641221374,0.25190839694656486,0.4580152671755725,win,131
HumanEval/125,oracle_sufficient_canvas,best_deployable_cal_lite_alpha006,0.59375,0.21875,0.375,win,32
HumanEval/126,oracle_sufficient_canvas,best_deployable_cal_lite_alpha006,0.2857142857142857,0.19642857142857142,0.08928571428571427,win,56
HumanEval/127,oracle_sufficient_canvas,best_deployable_cal_lite_alpha006,0.5343511450381679,0.33587786259541985,0.1984732824427481,win,131
HumanEval/128,oracle_sufficient_canvas,best_deployable_cal_lite_alpha006,0.17647058823529413,0.058823529411764705,0.11764705882352942,win,17
HumanEval/129,oracle_sufficient_canvas,best_deployable_cal_lite_alpha006,0.3522727272727273,0.12878787878787878,0.2234848484848485,win,264
HumanEval/13,oracle_sufficient_canvas,best_deployable_cal_lite_alpha006,0.7058823529411765,0.7058823529411765,0.0,tie,17
HumanEval/130,oracle_sufficient_canvas,best_deployable_cal_lite_alpha006,0.5357142857142857,0.17857142857142858,0.3571428571428571,win,56
HumanEval/131,oracle_sufficient_canvas,best_deployable_cal_lite_alpha006,0.6233766233766234,0.2597402597402597,0.36363636363636365,win,77
HumanEval/132,oracle_sufficient_canvas,best_deployable_cal_lite_alpha006,0.30612244897959184,0.12244897959183673,0.1836734693877551,win,147
HumanEval/133,oracle_sufficient_canvas,best_deployable_cal_lite_alpha006,0.6538461538461539,0.2692307692307692,0.38461538461538464,win,26
HumanEval/134,oracle_sufficient_canvas,best_deployable_cal_lite_alpha006,0.42857142857142855,0.14285714285714285,0.2857142857142857,win,14
HumanEval/136,oracle_sufficient_canvas,best_deployable_cal_lite_alpha006,0.23529411764705882,0.23529411764705882,0.0,tie,17
HumanEval/137,oracle_sufficient_canvas,best_deployable_cal_lite_alpha006,0.34615384615384615,0.15384615384615385,0.1923076923076923,win,26
HumanEval/138,oracle_sufficient_canvas,best_deployable_cal_lite_alpha006,0.3333333333333333,0.3333333333333333,0.0,tie,12
HumanEval/139,oracle_sufficient_canvas,best_deployable_cal_lite_alpha006,0.59375,0.1875,0.40625,win,32
HumanEval/14,oracle_sufficient_canvas,best_deployable_cal_lite_alpha006,0.38095238095238093,0.23809523809523808,0.14285714285714285,win,21
HumanEval/140,oracle_sufficient_canvas,best_deployable_cal_lite_alpha006,0.2850678733031674,0.12669683257918551,0.1583710407239819,win,221
HumanEval/141,oracle_sufficient_canvas,best_deployable_cal_lite_alpha006,0.5689655172413793,0.1724137931034483,0.39655172413793105,win,116
HumanEval/142,oracle_sufficient_canvas,best_deployable_cal_lite_alpha006,0.8214285714285714,0.23214285714285715,0.5892857142857142,win,56
HumanEval/144,oracle_sufficient_canvas,best_deployable_cal_lite_alpha006,0.4358974358974359,0.20512820512820512,0.23076923076923078,win,39
HumanEval/145,oracle_sufficient_canvas,best_deployable_cal_lite_alpha006,0.28205128205128205,0.10256410256410256,0.1794871794871795,win,39
HumanEval/146,oracle_sufficient_canvas,best_deployable_cal_lite_alpha006,0.5106382978723404,0.2127659574468085,0.2978723404255319,win,47
HumanEval/147,oracle_sufficient_canvas,best_deployable_cal_lite_alpha006,0.574468085106383,0.2127659574468085,0.36170212765957455,win,47
HumanEval/148,oracle_sufficient_canvas,best_deployable_cal_lite_alpha006,0.5892857142857143,0.16071428571428573,0.4285714285714286,win,56
HumanEval/15,oracle_sufficient_canvas,best_deployable_cal_lite_alpha006,0.4166666666666667,0.5,-0.08333333333333331,loss,12
HumanEval/150,oracle_sufficient_canvas,best_deployable_cal_lite_alpha006,0.5319148936170213,0.3829787234042553,0.14893617021276595,win,47
HumanEval/151,oracle_sufficient_canvas,best_deployable_cal_lite_alpha006,0.25,0.08333333333333333,0.16666666666666669,win,12
HumanEval/152,oracle_sufficient_canvas,best_deployable_cal_lite_alpha006,0.25,0.3333333333333333,-0.08333333333333331,loss,12
HumanEval/154,oracle_sufficient_canvas,best_deployable_cal_lite_alpha006,0.358974358974359,0.2564102564102564,0.10256410256410259,win,39
HumanEval/155,oracle_sufficient_canvas,best_deployable_cal_lite_alpha006,0.3829787234042553,0.23404255319148937,0.14893617021276595,win,47
HumanEval/156,oracle_sufficient_canvas,best_deployable_cal_lite_alpha006,0.4396551724137931,0.12931034482758622,0.31034482758620685,win,116
HumanEval/157,oracle_sufficient_canvas,best_deployable_cal_lite_alpha006,0.5,0.5,0.0,tie,12
HumanEval/158,oracle_sufficient_canvas,best_deployable_cal_lite_alpha006,0.08333333333333333,0.08333333333333333,0.0,tie,12
HumanEval/159,oracle_sufficient_canvas,best_deployable_cal_lite_alpha006,0.42857142857142855,0.23809523809523808,0.19047619047619047,win,21
HumanEval/16,oracle_sufficient_canvas,best_deployable_cal_lite_alpha006,0.08333333333333333,0.25,-0.16666666666666669,loss,12
HumanEval/160,oracle_sufficient_canvas,best_deployable_cal_lite_alpha006,0.42857142857142855,0.09523809523809523,0.3333333333333333,win,21
HumanEval/161,oracle_sufficient_canvas,best_deployable_cal_lite_alpha006,0.45689655172413796,0.1810344827586207,0.27586206896551724,win,116
HumanEval/162,oracle_sufficient_canvas,best_deployable_cal_lite_alpha006,0.35714285714285715,0.21428571428571427,0.14285714285714288,win,14
HumanEval/163,oracle_sufficient_canvas,best_deployable_cal_lite_alpha006,0.17647058823529413,0.23529411764705882,-0.05882352941176469,loss,17
HumanEval/17,oracle_sufficient_canvas,best_deployable_cal_lite_alpha006,0.35714285714285715,0.2857142857142857,0.07142857142857145,win,14
HumanEval/18,oracle_sufficient_canvas,best_deployable_cal_lite_alpha006,0.5769230769230769,0.2692307692307692,0.30769230769230765,win,26
HumanEval/19,oracle_sufficient_canvas,best_deployable_cal_lite_alpha006,0.7941176470588235,0.3431372549019608,0.4509803921568627,win,102
HumanEval/2,oracle_sufficient_canvas,best_deployable_cal_lite_alpha006,0.3333333333333333,0.25,0.08333333333333331,win,12
HumanEval/20,oracle_sufficient_canvas,best_deployable_cal_lite_alpha006,0.5431034482758621,0.22413793103448276,0.31896551724137934,win,116
HumanEval/21,oracle_sufficient_canvas,best_deployable_cal_lite_alpha006,0.47058823529411764,0.23529411764705882,0.23529411764705882,win,17
HumanEval/22,oracle_sufficient_canvas,best_deployable_cal_lite_alpha006,0.3333333333333333,0.25,0.08333333333333331,win,12
HumanEval/23,oracle_sufficient_canvas,best_deployable_cal_lite_alpha006,0.16666666666666666,0.08333333333333333,0.08333333333333333,win,12
HumanEval/24,oracle_sufficient_canvas,best_deployable_cal_lite_alpha006,0.23529411764705882,0.23529411764705882,0.0,tie,17
HumanEval/25,oracle_sufficient_canvas,best_deployable_cal_lite_alpha006,0.5842696629213483,0.21348314606741572,0.3707865168539326,win,89
HumanEval/26,oracle_sufficient_canvas,best_deployable_cal_lite_alpha006,0.35294117647058826,0.29411764705882354,0.05882352941176472,win,17
HumanEval/28,oracle_sufficient_canvas,best_deployable_cal_lite_alpha006,0.16666666666666666,0.4166666666666667,-0.25,loss,12
HumanEval/29,oracle_sufficient_canvas,best_deployable_cal_lite_alpha006,0.16666666666666666,0.16666666666666666,0.0,tie,12
HumanEval/3,oracle_sufficient_canvas,best_deployable_cal_lite_alpha006,0.625,0.375,0.25,win,32
HumanEval/30,oracle_sufficient_canvas,best_deployable_cal_lite_alpha006,0.5,0.4166666666666667,0.08333333333333331,win,12
HumanEval/32,oracle_sufficient_canvas,best_deployable_cal_lite_alpha006,0.2597402597402597,0.11688311688311688,0.14285714285714285,win,77
HumanEval/33,oracle_sufficient_canvas,best_deployable_cal_lite_alpha006,0.4117647058823529,0.29411764705882354,0.11764705882352938,win,17
HumanEval/34,oracle_sufficient_canvas,best_deployable_cal_lite_alpha006,0.3333333333333333,0.25,0.08333333333333331,win,12
HumanEval/36,oracle_sufficient_canvas,best_deployable_cal_lite_alpha006,0.5892857142857143,0.2857142857142857,0.3035714285714286,win,56
HumanEval/37,oracle_sufficient_canvas,best_deployable_cal_lite_alpha006,0.21428571428571427,0.10714285714285714,0.10714285714285714,win,56
HumanEval/38,oracle_sufficient_canvas,best_deployable_cal_lite_alpha006,0.08333333333333333,0.08333333333333333,0.0,tie,12
HumanEval/39,oracle_sufficient_canvas,best_deployable_cal_lite_alpha006,0.5648854961832062,0.16030534351145037,0.4045801526717558,win,131
HumanEval/4,oracle_sufficient_canvas,best_deployable_cal_lite_alpha006,0.35714285714285715,0.35714285714285715,0.0,tie,14
HumanEval/40,oracle_sufficient_canvas,best_deployable_cal_lite_alpha006,0.75,0.25,0.5,win,32
HumanEval/41,oracle_sufficient_canvas,best_deployable_cal_lite_alpha006,0.25,0.0,0.25,win,12
HumanEval/42,oracle_sufficient_canvas,best_deployable_cal_lite_alpha006,0.25,0.08333333333333333,0.16666666666666669,win,12
HumanEval/43,oracle_sufficient_canvas,best_deployable_cal_lite_alpha006,0.5769230769230769,0.2692307692307692,0.30769230769230765,win,26
HumanEval/44,oracle_sufficient_canvas,best_deployable_cal_lite_alpha006,0.6153846153846154,0.3076923076923077,0.3076923076923077,win,26
HumanEval/45,oracle_sufficient_canvas,best_deployable_cal_lite_alpha006,0.6666666666666666,0.5833333333333334,0.08333333333333326,win,12
HumanEval/46,oracle_sufficient_canvas,best_deployable_cal_lite_alpha006,0.5641025641025641,0.2564102564102564,0.3076923076923077,win,39
HumanEval/47,oracle_sufficient_canvas,best_deployable_cal_lite_alpha006,0.7307692307692307,0.38461538461538464,0.3461538461538461,win,26
HumanEval/48,oracle_sufficient_canvas,best_deployable_cal_lite_alpha006,0.6190476190476191,0.2857142857142857,0.33333333333333337,win,21
HumanEval/49,oracle_sufficient_canvas,best_deployable_cal_lite_alpha006,0.5238095238095238,0.38095238095238093,0.1428571428571429,win,21
HumanEval/5,oracle_sufficient_canvas,best_deployable_cal_lite_alpha006,0.5106382978723404,0.2553191489361702,0.2553191489361702,win,47
HumanEval/51,oracle_sufficient_canvas,best_deployable_cal_lite_alpha006,0.3333333333333333,0.25,0.08333333333333331,win,12
HumanEval/52,oracle_sufficient_canvas,best_deployable_cal_lite_alpha006,0.19047619047619047,0.2857142857142857,-0.09523809523809523,loss,21
HumanEval/53,oracle_sufficient_canvas,best_deployable_cal_lite_alpha006,0.3333333333333333,0.5833333333333334,-0.25000000000000006,loss,12
HumanEval/54,oracle_sufficient_canvas,best_deployable_cal_lite_alpha006,0.16666666666666666,0.08333333333333333,0.08333333333333333,win,12
HumanEval/55,oracle_sufficient_canvas,best_deployable_cal_lite_alpha006,0.4230769230769231,0.46153846153846156,-0.03846153846153849,loss,26
HumanEval/56,oracle_sufficient_canvas,best_deployable_cal_lite_alpha006,0.5714285714285714,0.375,0.1964285714285714,win,56
HumanEval/57,oracle_sufficient_canvas,best_deployable_cal_lite_alpha006,0.23529411764705882,0.17647058823529413,0.05882352941176469,win,17
HumanEval/58,oracle_sufficient_canvas,best_deployable_cal_lite_alpha006,0.6875,0.46875,0.21875,win,32
HumanEval/59,oracle_sufficient_canvas,best_deployable_cal_lite_alpha006,0.42696629213483145,0.2696629213483146,0.15730337078651685,win,89
HumanEval/6,oracle_sufficient_canvas,best_deployable_cal_lite_alpha006,0.6493506493506493,0.2597402597402597,0.38961038961038963,win,77
HumanEval/60,oracle_sufficient_canvas,best_deployable_cal_lite_alpha006,0.25,0.16666666666666666,0.08333333333333334,win,12
HumanEval/61,oracle_sufficient_canvas,best_deployable_cal_lite_alpha006,0.5892857142857143,0.375,0.2142857142857143,win,56
HumanEval/62,oracle_sufficient_canvas,best_deployable_cal_lite_alpha006,0.3333333333333333,0.25,0.08333333333333331,win,12
HumanEval/63,oracle_sufficient_canvas,best_deployable_cal_lite_alpha006,0.7692307692307693,0.4358974358974359,0.33333333333333337,win,39
HumanEval/64,oracle_sufficient_canvas,best_deployable_cal_lite_alpha006,0.23076923076923078,0.11538461538461539,0.11538461538461539,win,26
HumanEval/65,oracle_sufficient_canvas,best_deployable_cal_lite_alpha006,0.5,0.4230769230769231,0.07692307692307693,win,26
HumanEval/67,oracle_sufficient_canvas,best_deployable_cal_lite_alpha006,0.34615384615384615,0.19230769230769232,0.15384615384615383,win,26
HumanEval/68,oracle_sufficient_canvas,best_deployable_cal_lite_alpha006,0.38095238095238093,0.3333333333333333,0.047619047619047616,win,21
HumanEval/7,oracle_sufficient_canvas,best_deployable_cal_lite_alpha006,0.16666666666666666,0.16666666666666666,0.0,tie,12
HumanEval/70,oracle_sufficient_canvas,best_deployable_cal_lite_alpha006,0.28125,0.125,0.15625,win,32
HumanEval/71,oracle_sufficient_canvas,best_deployable_cal_lite_alpha006,0.625,0.1875,0.4375,win,32
HumanEval/72,oracle_sufficient_canvas,best_deployable_cal_lite_alpha006,0.5892857142857143,0.26785714285714285,0.32142857142857145,win,56
HumanEval/73,oracle_sufficient_canvas,best_deployable_cal_lite_alpha006,0.6538461538461539,0.23076923076923078,0.4230769230769231,win,26
HumanEval/74,oracle_sufficient_canvas,best_deployable_cal_lite_alpha006,0.4696969696969697,0.3181818181818182,0.15151515151515155,win,66
HumanEval/75,oracle_sufficient_canvas,best_deployable_cal_lite_alpha006,0.5294117647058824,0.14705882352941177,0.38235294117647056,win,102
HumanEval/77,oracle_sufficient_canvas,best_deployable_cal_lite_alpha006,0.07142857142857142,0.21428571428571427,-0.14285714285714285,loss,14
HumanEval/79,oracle_sufficient_canvas,best_deployable_cal_lite_alpha006,0.4166666666666667,0.16666666666666666,0.25,win,12
HumanEval/8,oracle_sufficient_canvas,best_deployable_cal_lite_alpha006,0.5625,0.4375,0.125,win,32
HumanEval/80,oracle_sufficient_canvas,best_deployable_cal_lite_alpha006,0.53125,0.1875,0.34375,win,32
HumanEval/82,oracle_sufficient_canvas,best_deployable_cal_lite_alpha006,0.5128205128205128,0.38461538461538464,0.12820512820512814,win,39
HumanEval/83,oracle_sufficient_canvas,best_deployable_cal_lite_alpha006,0.07142857142857142,0.0,0.07142857142857142,win,14
HumanEval/85,oracle_sufficient_canvas,best_deployable_cal_lite_alpha006,0.5,0.0,0.5,win,12
HumanEval/86,oracle_sufficient_canvas,best_deployable_cal_lite_alpha006,0.08333333333333333,0.08333333333333333,0.0,tie,12
HumanEval/87,oracle_sufficient_canvas,best_deployable_cal_lite_alpha006,0.07142857142857142,0.07142857142857142,0.0,tie,14
HumanEval/88,oracle_sufficient_canvas,best_deployable_cal_lite_alpha006,0.25,0.08333333333333333,0.16666666666666669,win,12
HumanEval/89,oracle_sufficient_canvas,best_deployable_cal_lite_alpha006,0.5957446808510638,0.1702127659574468,0.42553191489361697,win,47
HumanEval/9,oracle_sufficient_canvas,best_deployable_cal_lite_alpha006,0.7321428571428571,0.3392857142857143,0.3928571428571428,win,56
HumanEval/90,oracle_sufficient_canvas,best_deployable_cal_lite_alpha006,0.14285714285714285,0.21428571428571427,-0.07142857142857142,loss,14
HumanEval/92,oracle_sufficient_canvas,best_deployable_cal_lite_alpha006,0.4230769230769231,0.23076923076923078,0.1923076923076923,win,26
HumanEval/93,oracle_sufficient_canvas,best_deployable_cal_lite_alpha006,0.14285714285714285,0.0,0.14285714285714285,win,21
HumanEval/94,oracle_sufficient_canvas,best_deployable_cal_lite_alpha006,0.6568627450980392,0.18627450980392157,0.47058823529411764,win,102
HumanEval/95,oracle_sufficient_canvas,best_deployable_cal_lite_alpha006,0.30991735537190085,0.1652892561983471,0.14462809917355374,win,242
HumanEval/96,oracle_sufficient_canvas,best_deployable_cal_lite_alpha006,0.7272727272727273,0.3333333333333333,0.393939393939394,win,66
HumanEval/97,oracle_sufficient_canvas,best_deployable_cal_lite_alpha006,0.4166666666666667,0.25,0.16666666666666669,win,12
HumanEval/99,oracle_sufficient_canvas,best_deployable_cal_lite_alpha006,0.2585034013605442,0.1564625850340136,0.10204081632653061,win,147
